"","SPECIES_CLEAN","Duration","Start","End","CoverChangePerYear","X","ClassNew","Synonym","family","FunctionalGroup","Woodiness","Deciduousness","BerryCat","N_fixer","PlantHeight","SLA","SeedMass","LeafN","LeafCN","MeanCoverChange","TimesColonised"
"1","Astragalus alpinus",6,0,5.26315789473684,0.87719298245614,65,"Boreal-tundra boundary",NA,"Fabaceae","Forb","Not woody","Not applicable","Not berry","Fixer",0.0804516129032258,23.3685603398484,NA,46.9453225806452,NA,0.228274219916068,10
"2","Bartsia alpina",6,0,0.87719298245614,0.146198830409357,108,"Boreal-tundra boundary",NA,"Orobanchaceae","Forb","Not woody","Not applicable","Not berry","Not fixer",0.0802857142857143,18.6120815574884,0.160111111111111,21.4522157640691,NA,0.107255514470441,13
"3","Betula nana",6,19.3333333333333,23.6842105263158,0.725146198830409,13,"Boreal-tundra boundary",NA,"Betulaceae","Shrub","Woody","Deciduous","Not berry","Not fixer",0.190244885162492,12.2890676446865,0.232845238142857,21.4618978854051,27.2721803659333,0.0449216645829918,56
"4","Carex parallela",6,2,0.87719298245614,-0.187134502923977,109,"Ubiquitous",NA,"Cyperaceae","Graminoid","Not woody","Not applicable","Not berry","Not fixer",NA,NA,NA,13.3734803563636,NA,-0.586361511015723,1
"5","Carex vaginata",6,27.3333333333333,14.9122807017544,-2.07017543859649,63,"Boreal-tundra boundary",NA,"Cyperaceae","Graminoid","Not woody","Not applicable","Not berry","Not fixer",0.0872790697674419,21.6282615537314,NA,17.2408264461197,NA,-0.430520360752748,1
"6","Cassiope tetragona",6,26.6666666666667,28.9473684210526,0.380116959064328,1,"Ubiquitous",NA,"Ericaceae","Shrub","Woody","Evergreen","Not berry","Not fixer",0.0854478021978022,5.9382566763072,NA,11.1853105860105,55.1211588171429,-0.165776893001659,27
"7","Dryas octopetala",6,10,7.89473684210526,-0.350877192982456,85,"Ubiquitous",NA,"Rosaceae","Shrub","Woody","Evergreen","Not berry","Not fixer",0.0525509803921569,12.0029214987932,0.719810526263158,17.9616795437451,29.115614938125,0.0294963172254029,5
"8","Empetrum nigrum",6,1.33333333333333,4.3859649122807,0.508771929824561,8,"Ubiquitous",NA,"Ericaceae","Shrub","Woody","Evergreen","Berry","Not fixer",0.100249824067558,6.5092244141233,0.979771929842105,10.4479863124892,55.9842451671199,0.265141870343489,72
"9","Persicaria vivipara",6,0.666666666666667,3.50877192982456,0.473684210526316,275,"Ubiquitous","Bistorta vivipara","Polygonaceae","Forb","Not woody","Not applicable","Not berry","Not fixer",0.0903456221198157,15.8386111222822,1.5687880952381,32.8725139748523,19.9471837151667,0.0770932647014605,67
"10","Rhododendron lapponicum",6,5.33333333333333,3.50877192982456,-0.304093567251462,102,"Ubiquitous",NA,"Ericaceae","Shrub","Woody","Evergreen","Not berry","Not fixer",0.0822641509433962,8.6367876924213,NA,17.7181849315068,NA,-0.0109306818230344,5
"11","Salix reticulata",6,2,1.75438596491228,-0.0409356725146199,97,"Ubiquitous",NA,"Salicaceae","Shrub","Woody","Deciduous","Not berry","Not fixer",0.0476411764705882,10.0409513972,0.566923076923077,20.2794055544444,NA,0.31731542460236,9
"12","Tofieldia pusilla",6,3.33333333333333,1.75438596491228,-0.263157894736842,105,"Boreal-tundra boundary",NA,"Tofieldiaceae","Forb","Not woody","Not applicable","Not berry","Not fixer",0.109153846153846,15.3331849307876,NA,15.78238647,NA,0.00304489354652107,22
"13","Vaccinium uliginosum",6,2,2.63157894736842,0.105263157894737,21,"Ubiquitous",NA,"Ericaceae","Shrub","Woody","Deciduous","Berry","Not fixer",0.111177158273381,12.8040070622813,0.3191066667,19.4694020284315,27.9632720256081,0.0679285448391598,23
"14","Arctous alpina",6,9.32203389830508,0,-1.55367231638418,14,"Ubiquitous",NA,"Ericaceae","Shrub","Woody","Deciduous","Berry","Not fixer",0.0502285714285714,12.8204774669231,NA,NA,NA,-0.0195605747134435,11
"15","Astragalus frigidus",6,2.54237288135593,0,-0.423728813559322,107,"Boreal-tundra boundary",NA,"Fabaceae","Forb","Not woody","Not applicable","Not berry","Fixer",NA,24.4936080909084,2.9204666668,51.516636470914,NA,-0.15623504382425,1
"16","Pseudorchis albida",6,0.847457627118644,0,-0.141242937853107,190,"Boreal specialist",NA,"Orchidaceae","Forb","Not woody","Not applicable","Not berry","Not fixer",0.216666666666667,NA,NA,NA,NA,-0.141242937853107,0
"17","Salix hastata",6,0,3.50877192982456,0.584795321637427,103,"Boreal-tundra boundary",NA,"Salicaceae","Shrub","Woody","Deciduous","Not berry","Not fixer",NA,NA,NA,21.88,NA,0.280601741880676,3
"18","Chamorchis alpina",6,1.76991150442478,0,-0.294985250737463,106,"Boreal specialist",NA,"Orchidaceae","Forb","Not woody","Not applicable","Not berry","Not fixer",NA,NA,NA,NA,NA,-0.0268534331568022,2
"19","Pinguicula vulgaris",6,0,1.12359550561798,0.187265917602996,78,"Boreal-tundra boundary",NA,"Lentibulariaceae","Forb","Not woody","Not applicable","Not berry","Not fixer",0.0809333333333333,43.0020626130554,0.016396,14.9366785714286,NA,0.0875497393038198,30
"20","Andromeda polifolia",6,3.2,1.17647058823529,-0.337254901960784,20,"Boreal-tundra boundary",NA,"Ericaceae","Shrub","Woody","Evergreen","Not berry","Not fixer",0.0529107981220657,6.98527765693547,NA,14.9906774193548,NA,0.00654101410217411,13
"21","Festuca ovina",6,2.4,0,-0.4,18,"Boreal-tundra boundary",NA,"Poaceae","Graminoid","Not woody","Not applicable","Not berry","Not fixer",0.353698501570767,17.2901538299955,0.328003174666667,17.2870625145529,32.8788622950103,0.0469407078106635,7
"22","Luzula spicata",6,0,1.17647058823529,0.196078431372549,30,"Boreal-tundra boundary",NA,"Juncaceae","Graminoid","Not woody","Not applicable","Not berry","Not fixer",0.130375,15.6123643116471,0.350714285714286,21.494,NA,0.0597348893284842,15
"23","Silene acaulis",6,0,17.6470588235294,2.94117647058824,88,"Ubiquitous",NA,"Caryophyllaceae","Forb","Not woody","Not applicable","Not berry","Not fixer",0.00896862190812721,18.8665242196618,0.348576923,22.8951718014286,NA,-0.384683043135429,42
"24","Pedicularis lapponica",6,0.793650793650794,0,-0.132275132275132,25,"Boreal-tundra boundary",NA,"Orobanchaceae","Forb","Not woody","Not applicable","Not berry","Not fixer",0.0736842105263158,18.3691264704809,NA,36.7868934736128,NA,-0.0494355325752999,29
"25","Salix chamissonis",6,0,1.04166666666667,0.173611111111111,104,"Boreal-tundra boundary",NA,"Salicaceae","Shrub","Woody","Deciduous","Not berry","Not fixer",NA,NA,NA,NA,NA,-0.0604024993269583,3
"26","Vaccinium vitis-idaea",6,6.52173913043478,12.5,0.996376811594203,11,"Boreal-tundra boundary",NA,"Ericaceae","Shrub","Woody","Evergreen","Berry","Not fixer",0.0478397057666588,6.81343973952801,0.268385714333333,10.4515124088765,50.0964551110597,-0.00204570597040225,48
"27","Gymnadenia conopsea",6,0,1.21951219512195,0.203252032520325,189,"Boreal-tundra boundary",NA,"Orchidaceae","Forb","Not woody","Not applicable","Not berry","Not fixer",0.400407407407407,21.9530687254545,NA,26.34,NA,0.165239247812325,2
"28","Juniperus communis",6,12.2905027932961,0,-2.04841713221601,12,"Boreal-tundra boundary",NA,"Cupressaceae","Shrub","Woody","Evergreen","Berry","Not fixer",0.5964,6.4133051609756,NA,11.7461177032479,51.9348322253647,-0.772977951972561,10
"29","Carex rupestris",6,3.77358490566038,0,-0.628930817610063,98,"Ubiquitous",NA,"Cyperaceae","Graminoid","Not woody","Not applicable","Not berry","Not fixer",NA,11.9870089225,NA,NA,NA,-0.0556606518000102,8
"30","Saussurea alpina",6,0,4.8780487804878,0.813008130081301,70,"Boreal-tundra boundary",NA,"Asteraceae","Forb","Not woody","Not applicable","Not berry","Not fixer",0.169813953488372,19.2560355703487,1.6208875,17.1007625716701,NA,0.385268936386747,11
"31","Rubus chamaemorus",9,1.16279069767442,0,-0.129198966408269,33,"Boreal-tundra boundary",NA,"Rosaceae","Forb","Not woody","Not applicable","Berry","Not fixer",0.058206216505895,13.9649167306299,NA,22.714405583001,22.2175266315,-0.0332104945430745,27
"32","Calamagrostis lapponica",13,2.14797136038186,1.34680134680135,-0.0616284625831165,27,"Boreal-tundra boundary",NA,"Poaceae","Graminoid","Not woody","Not applicable","Not berry","Not fixer",0.187565333333333,16.5105456645864,0.3280666666,13.9207782932197,NA,-0.0782687309913356,8
"33","Pinguicula villosa",13,0.238663484486874,0.336700336700337,0.00754129632411255,111,"Boreal-tundra boundary",NA,"Lentibulariaceae","Forb","Not woody","Not applicable","Not berry","Not fixer",NA,NA,NA,NA,NA,0.0258411059077387,2
"34","Vaccinium microcarpum",13,11.2171837708831,18.8552188552189,0.587541160333523,255,"Boreal-tundra boundary","Oxycoccus microcarpus","Ericaceae","Shrub","Woody","Evergreen","Berry","Not fixer",NA,NA,NA,NA,NA,0.323712196395318,1
"35","Eriophorum vaginatum",13,1.67064439140811,1.35135135135135,-0.0245610030812895,110,"Boreal-tundra boundary",NA,"Cyperaceae","Graminoid","Not woody","Not applicable","Not berry","Not fixer",0.18349009009009,10.1545258186314,1.11529411764706,18.743891694,NA,0.377279773897379,23
"36","Deschampsia flexuosa",10,25.5555555555556,1.26582278481013,-2.42897327707454,246,"Boreal-tundra boundary","Avenella flexuosa","Poaceae","Graminoid","Not woody","Not applicable","Not berry","Not fixer",0.12404797979798,15.0210130404305,0.343952381,22.3144737906595,26.4976922792904,-0.14697561481644,19
"37","Vaccinium myrtillus",10,35.5555555555556,5.06329113924051,-3.04922644163151,10,"Boreal-tundra boundary",NA,"Ericaceae","Shrub","Woody","Deciduous","Berry","Not fixer",0.0887548387096774,19.3141944831433,0.249256140368421,19.3242325531017,26.4843522086646,0.0173553405631099,43
"38","Linnaea borealis",10,11.25,3.28947368421053,-0.796052631578947,177,"Boreal-tundra boundary",NA,"Caprifoliaceae","Shrub","Woody","Evergreen","Not berry","Not fixer",0.0529677419354839,20.6355933008671,NA,9.49,NA,0.0207280468709787,3
"39","Salix glauca",10,1.25,0,-0.125,49,"Boreal-tundra boundary",NA,"Salicaceae","Shrub","Woody","Deciduous","Not berry","Not fixer",0.464524137931034,10.97596063963,0.246454545454545,18.5163848510811,25.9621154820588,0.223595120021718,12
"40","Lysimachia europaea",10,0.641025641025641,0,-0.0641025641025641,272,"Boreal-tundra boundary","Trientalis europaea","Primulaceae","Forb","Not woody","Not applicable","Not berry","Not fixer",0.0421263227513228,33.0824464067328,NA,20.3542028635258,NA,-0.033389952987747,9
"41","Orthilia secunda",10,0.641025641025641,0,-0.0641025641025641,144,"Boreal-tundra boundary",NA,"Ericaceae","Forb","Not woody","Not applicable","Not berry","Not fixer",0.110814814814815,16.6914201910039,NA,18.4865,NA,-0.0528856160199094,2
"42","Solidago virgaurea",10,0.641025641025641,0,-0.0641025641025641,16,"Boreal-tundra boundary",NA,"Asteraceae","Forb","Not woody","Not applicable","Not berry","Not fixer",0.122413349917081,25.9238036699989,0.446170833375,28.964962962963,NA,0.152380899272105,14
"43","Deschampsia cespitosa",10,0,0.581395348837209,0.0581395348837209,59,"Boreal-tundra boundary",NA,"Poaceae","Graminoid","Not woody","Not applicable","Not berry","Not fixer",0.603279279279279,12.4222670260761,0.223684210526316,13.7361433679911,34.3012318095653,-0.0762355774795674,8
"44","Carex bigelowii",10,0,3.125,0.3125,17,"Boreal-tundra boundary",NA,"Cyperaceae","Graminoid","Not woody","Not applicable","Not berry","Not fixer",0.0947931570762053,18.2291687899133,0.457830434782609,22.1766697302941,24.8437645608,-0.0822595557455416,62
"45","Arctagrostis latifolia",24,0,1.81818181818182,0.0757575757575758,118,"Ubiquitous",NA,"Poaceae","Graminoid","Not woody","Not applicable","Not berry","Not fixer",0.258114754098361,15.3207748291574,NA,20.8727272727273,19.0721957906307,-0.00492851316739991,36
"46","Cardamine bellidifolia",24,0,3.63636363636364,0.151515151515152,99,"Ubiquitous",NA,"Brassicaceae","Forb","Not woody","Not applicable","Not berry","Not fixer",NA,NA,NA,NA,NA,0.198952479955839,5
"47","Dryas integrifolia",24,13.6363636363636,30.9090909090909,0.71969696969697,2,"Ubiquitous",NA,"Rosaceae","Shrub","Woody","Evergreen","Not berry","Not fixer",0.0573866666666667,9.26923472663955,0.221325449609756,13.9417,NA,-0.120358378205893,8
"48","Eriophorum angustifolium",24,11.3636363636364,20,0.359848484848485,125,"Ubiquitous",NA,"Cyperaceae","Graminoid","Not woody","Not applicable","Not berry","Not fixer",0.249234736842105,13.9169096405754,0.418414814814815,28.5384907904271,16.4561887178692,0.376250565477911,24
"49","Luzula confusa",24,0,1.81818181818182,0.0757575757575758,4,"Ubiquitous",NA,"Juncaceae","Graminoid","Not woody","Not applicable","Not berry","Not fixer",0.116708196721311,NA,0.200566037735849,17.627213793,30.95598382,-0.221792279405972,19
"50","Luzula nivalis",24,6.81818181818182,1.81818181818182,-0.208333333333333,3,"Arctic specialist",NA,"Juncaceae","Graminoid","Not woody","Not applicable","Not berry","Not fixer",0.10414552238806,11.2301500653634,0.169811550857143,17.9066666666667,26.2555560668798,-0.171450456774229,19
"51","Oxyria digyna",24,2.27272727272727,12.7272727272727,0.435606060606061,5,"Ubiquitous",NA,"Polygonaceae","Forb","Not woody","Not applicable","Not berry","Not fixer",0.173928571428571,16.3389174318347,0.831848995973154,33.00113986,NA,-0.103915305134196,14
"52","Salix arctica",24,15.9090909090909,3.63636363636364,-0.511363636363636,6,"Ubiquitous",NA,"Salicaceae","Shrub","Woody","Deciduous","Not berry","Not fixer",0.0413069139966273,11.6120953767874,0.191796982148148,23.411766744186,NA,0.226920517013708,31
"53","Oreomecon radicata",24,2.63157894736842,4.44444444444444,0.0755360623781677,284,"Boreal specialist","Papaver radicatum","Papaveraceae","Forb","Not woody","Not applicable","Not berry","Not fixer",0.105236111111111,14.2639362923636,0.136467990623377,NA,NA,-0.0799516893943682,5
"54","Pedicularis hirsuta",24,0,4.44444444444444,0.185185185185185,181,"Ubiquitous",NA,"Orobanchaceae","Forb","Not woody","Not applicable","Not berry","Not fixer",0.0831551724137931,15.8859617922138,NA,30.28708643,NA,0.0308513586761279,13
"55","Poa arctica",24,2.63157894736842,2.22222222222222,-0.0170565302144249,179,"Ubiquitous",NA,"Poaceae","Graminoid","Not woody","Not applicable","Not berry","Not fixer",0.141703488372093,11.416365071392,NA,NA,NA,0.38677464278024,36
"56","Carex fuliginosa",24,6.12244897959184,9.09090909090909,0.123685837971552,154,"Ubiquitous",NA,"Cyperaceae","Graminoid","Not woody","Not applicable","Not berry","Not fixer",NA,NA,0.2225,NA,NA,-0.0629699398728127,7
"57","Saxifraga oppositifolia",24,6.25,11.5384615384615,0.220352564102564,89,"Ubiquitous",NA,"Saxifragaceae","Forb","Not woody","Not applicable","Not berry","Not fixer",NA,19.1525402730769,NA,16.93367371,NA,-0.135973692948711,16
"58","Saxifraga cernua",24,2.5,0,-0.104166666666667,93,"Ubiquitous",NA,"Saxifragaceae","Forb","Not woody","Not applicable","Not berry","Not fixer",0.10119512195122,NA,NA,NA,NA,-0.0753248214586908,18
"59","Festuca brachyphylla",13,11.1111111111111,0,-0.854700854700855,218,"Ubiquitous",NA,"Poaceae","Graminoid","Not woody","Not applicable","Not berry","Not fixer",0.123,NA,NA,NA,NA,-0.204182332927082,3
"60","Braya purpurascens",24,2.27272727272727,0,-0.0946969696969697,254,"Ubiquitous","Braya glabella","Brassicaceae","Forb","Not woody","Not applicable","Not berry","Not fixer",NA,NA,NA,NA,NA,-0.0351380123599677,2
"61","Carex ericetorum",24,2.27272727272727,0,-0.0946969696969697,148,"Boreal specialist",NA,"Cyperaceae","Graminoid","Not woody","Not applicable","Not berry","Not fixer",0.224,NA,NA,NA,NA,0.356549565576523,1
"62","Pedicularis capitata",24,0,1.21951219512195,0.0508130081300813,132,"Ubiquitous",NA,"Orobanchaceae","Forb","Not woody","Not applicable","Not berry","Not fixer",0.0808208955223881,8.62606938883333,0.4,NA,NA,-0.0270980019160683,11
"63","Carex microcarpa",24,0,1.63934426229508,0.0683060109289618,279,"Ubiquitous","Carex aquatilis","Cyperaceae","Graminoid","Not woody","Not applicable","Not berry","Not fixer",0.219465298142718,15.0909813444509,NA,31.798288973384,14.119380003753,0.426478198947683,15
"64","Juncus biglumis",24,0,1.53846153846154,0.0641025641025641,94,"Ubiquitous",NA,"Juncaceae","Graminoid","Not woody","Not applicable","Not berry","Not fixer",0.0831428571428571,12.0332384971429,NA,NA,NA,0.0982711504204226,10
"65","Carex atrata",24,2,1.35135135135135,-0.027027027027027,81,"Boreal-tundra boundary",NA,"Cyperaceae","Graminoid","Not woody","Not applicable","Not berry","Not fixer",0.221916666666667,NA,0.6179375,NA,NA,-0.0797966814002641,0
"66","Carex marina",24,6,0,-0.25,217,"Arctic specialist",NA,"Cyperaceae","Graminoid","Not woody","Not applicable","Not berry","Not fixer",NA,NA,NA,NA,NA,-0.26641172753324,0
"67","Eriophorum scheuchzeri",24,0,2.56410256410256,0.106837606837607,170,"Ubiquitous",NA,"Cyperaceae","Graminoid","Not woody","Not applicable","Not berry","Not fixer",0.239235294117647,10.8599148110526,NA,34.0068326428571,NA,0.210262307594323,6
"68","Kobresia simpliciuscula",19,0,3.44827586206897,0.181488203266788,220,"Ubiquitous",NA,"Cyperaceae","Graminoid","Not woody","Not applicable","Not berry","Not fixer",NA,NA,NA,NA,NA,0.181488203266788,1
"69","Cerastium alpinum",24,2.7027027027027,0,-0.112612612612613,71,"Ubiquitous",NA,"Caryophyllaceae","Forb","Not woody","Not applicable","Not berry","Not fixer",NA,23.7225108218182,NA,NA,NA,-0.0434912587375036,5
"70","Stellaria longipes",24,3.57142857142857,0,-0.148809523809524,116,"Ubiquitous",NA,"Caryophyllaceae","Forb","Not woody","Not applicable","Not berry","Not fixer",0.0585963302752294,15.1298900284239,0.041696428625,NA,NA,-0.0987500956946977,33
"71","Poa glauca",24,0,1.53846153846154,0.0641025641025641,180,"Ubiquitous",NA,"Poaceae","Graminoid","Not woody","Not applicable","Not berry","Not fixer",0.258333333333333,26.1066137566129,NA,NA,NA,-0.266705044315065,4
"72","Silene involucrata",24,0,1.75438596491228,0.0730994152046784,219,"Ubiquitous",NA,"Caryophyllaceae","Forb","Not woody","Not applicable","Not berry","Not fixer",NA,NA,NA,NA,NA,0.0730994152046784,1
"73","Arnica griscomii",10,4.16666666666667,0,-0.416666666666667,160,"Boreal-tundra boundary",NA,"Asteraceae","Forb","Not woody","Not applicable","Not berry","Not fixer",NA,NA,NA,NA,NA,0.192219210453155,3
"74","Hierochloe alpina",10,0,4.16666666666667,0.416666666666667,142,"Ubiquitous",NA,"Poaceae","Graminoid","Not woody","Not applicable","Not berry","Not fixer",0.244718309859155,9.95393764463702,NA,19.93875,NA,0.115392400760238,11
"75","Oxytropis nigrescens",10,0,4.16666666666667,0.416666666666667,139,"Ubiquitous",NA,"Fabaceae","Forb","Not woody","Not applicable","Not berry","Fixer",NA,NA,NA,NA,NA,0.0433118889731837,5
"76","Salix phlebophylla",10,8.33333333333333,4.16666666666667,-0.416666666666667,138,"Boreal-tundra boundary",NA,"Salicaceae","Shrub","Woody","Deciduous","Not berry","Not fixer",0.0224,11.4858434261071,NA,NA,NA,0.0645089519433511,6
"77","Carex microchaeta",10,3.44827586206897,0,-0.344827586206897,200,"Boreal-tundra boundary",NA,"Cyperaceae","Graminoid","Not woody","Not applicable","Not berry","Not fixer",NA,10.74795270875,NA,NA,NA,-0.20479069122286,0
"78","Androsace ochotensis",10,0,5,0.5,269,"Arctic specialist","Douglasia ochotensis","Primulaceae","Forb","Not woody","Not applicable","Not berry","Not fixer",NA,NA,NA,NA,NA,0.5,1
"79","Artemisia norvegica",10,8.33333333333333,12.7659574468085,0.443262411347518,113,"Boreal specialist",NA,"Asteraceae","Forb","Not woody","Not applicable","Not berry","Not fixer",NA,NA,NA,NA,NA,0.0485508573749585,0
"80","Persicaria bistorta",10,13.0434782608696,5.88235294117647,-0.716112531969309,256,"Boreal-tundra boundary","Not available","Polygonaceae","Forb","Not woody","Not applicable","Not berry","Not fixer",NA,NA,NA,NA,NA,-0.0284217040357384,38
"81","Salix planifolia",10,17.3913043478261,20.5882352941176,0.319693094629156,123,"Boreal-tundra boundary",NA,"Salicaceae","Shrub","Woody","Deciduous","Not berry","Not fixer",0.443421052631579,NA,NA,NA,NA,0.00812394487532006,2
"82","Micranthes punctata",10,0,3.2258064516129,0.32258064516129,122,"Boreal-tundra boundary",NA,"Saxifragaceae","Forb","Not woody","Not applicable","Not berry","Not fixer",NA,NA,NA,NA,NA,0.000672178975665428,17
"83","Tephroseris integrifolia",10,3.2258064516129,0,-0.32258064516129,119,"Boreal-tundra boundary",NA,"Asteraceae","Forb","Not woody","Not applicable","Not berry","Not fixer",0.145729674796748,12.3292537608966,0.682352941176471,NA,NA,-0.0331791781409645,17
"84","Eutrema edwardsii",10,2.27272727272727,0,-0.227272727272727,86,"Ubiquitous",NA,"Brassicaceae","Forb","Not woody","Not applicable","Not berry","Not fixer",NA,NA,NA,NA,NA,-0.201541464870041,1
"85","Calamagrostis stricta",5,0,10,2,262,"Ubiquitous","Calamagrostis neglecta","Poaceae","Graminoid","Not woody","Not applicable","Not berry","Not fixer",0.148214285714286,23.54802549375,NA,NA,NA,0.287811457254236,4
"86","Astragalus umbellatus",10,10.8108108108108,1.36986301369863,-0.944094779711218,133,"Boreal-tundra boundary",NA,"Fabaceae","Forb","Not woody","Not applicable","Not berry","Fixer",0.0895593220338983,16.4071991426064,2.7,NA,NA,-0.469330918027361,2
"87","Oxytropis borealis",10,6.75675675675676,10.958904109589,0.420214735283228,127,"Boreal-tundra boundary",NA,"Fabaceae","Forb","Not woody","Not applicable","Not berry","Fixer",NA,NA,NA,NA,NA,-0.108862063399955,1
"88","Hedysarum alpinum",10,0,1.12359550561798,0.112359550561798,257,"Boreal-tundra boundary","Not available","Fabaceae","Forb","Not woody","Not applicable","Not berry","Fixer",NA,NA,NA,NA,NA,0.0680390128701707,3
"89","Boykinia richardsonii",10,2.32558139534884,10,0.767441860465116,207,"Boreal-tundra boundary",NA,"Saxifragaceae","Forb","Not woody","Not applicable","Not berry","Not fixer",NA,NA,NA,NA,NA,0.767441860465116,0
"90","Pyrola grandiflora",10,0,2,0.2,121,"Ubiquitous",NA,"Ericaceae","Forb","Not woody","Not applicable","Not berry","Not fixer",0.0484125,10.3244164501373,4.01666666666667,NA,NA,-0.0159548821135707,19
"91","Salix alaxensis",10,44.0677966101695,30.6122448979592,-1.34555517122103,129,"Boreal-tundra boundary",NA,"Salicaceae","Shrub","Woody","Deciduous","Not berry","Not fixer",1.65211510791367,11.2164582159673,NA,NA,NA,-0.302372956495443,0
"92","Carex Ã— turfosa",10,1.19047619047619,0,-0.119047619047619,278,"Boreal-tundra boundary","Carex nigra","Cyperaceae","Graminoid","Not woody","Not applicable","Not berry","Not fixer",0.194333333333333,21.7218665128893,NA,19.0057142857143,25.1700959748333,-0.0466018015817226,2
"93","Oxytropis maydelliana",10,0,1.2987012987013,0.12987012987013,131,"Ubiquitous",NA,"Fabaceae","Forb","Not woody","Not applicable","Not berry","Fixer",0.0922777777777778,12.9152547077277,2.2875,NA,NA,-0.0850623494640286,4
"94","Petasites frigidus",24,2.32558139534884,1.36986301369863,-0.0398215992354253,42,"Ubiquitous",NA,"Asteraceae","Forb","Not woody","Not applicable","Not berry","Not fixer",0.151064814814815,12.3843240841593,0.525,28.4778651560577,16.312124680376,0.131258551852002,26
"95","Salix niphoclada",24,1.16279069767442,0,-0.0484496124031008,112,"Boreal-tundra boundary",NA,"Salicaceae","Shrub","Woody","Deciduous","Not berry","Not fixer",0.442516129032258,18.075602158,NA,NA,NA,0.0382400793265315,1
"96","Salix rotundifolia",24,11.6279069767442,12.3287671232877,0.0292025061059786,124,"Boreal-tundra boundary",NA,"Salicaceae","Shrub","Woody","Deciduous","Not berry","Not fixer",0.0201179104477612,12.6216853081053,NA,25.14,19.5112097512026,-0.627325904438092,10
"97","Saussurea angustifolia",24,1.16279069767442,0,-0.0484496124031008,114,"Boreal-tundra boundary",NA,"Asteraceae","Forb","Not woody","Not applicable","Not berry","Not fixer",0.130079365079365,11.2176599855453,0.935714285714286,NA,NA,0.0109577331664774,10
"98","Saxifraga hirculus",24,1.16279069767442,2.73972602739726,0.0657056387384517,115,"Ubiquitous",NA,"Saxifragaceae","Forb","Not woody","Not applicable","Not berry","Not fixer",0.175,NA,NA,NA,NA,-0.00840641087919426,18
"99","Anemone parviflora",24,1.44927536231884,2.38095238095238,0.0388198757763975,126,"Boreal-tundra boundary",NA,"Ranunculaceae","Forb","Not woody","Not applicable","Not berry","Not fixer",NA,NA,NA,NA,NA,0.095823395085368,2
"100","Arctous rubra",24,35.5072463768116,29.7619047619048,-0.239389233954451,135,"Boreal-tundra boundary",NA,"Ericaceae","Shrub","Woody","Deciduous","Berry","Not fixer",NA,NA,NA,NA,NA,-0.0083675725740372,2
"101","Astragalus eucosmus",24,0.72463768115942,0,-0.0301932367149758,128,"Boreal-tundra boundary",NA,"Fabaceae","Forb","Not woody","Not applicable","Not berry","Fixer",NA,NA,NA,NA,NA,-0.0425088990592423,0
"102","Hedysarum boreale",24,0.72463768115942,0,-0.0301932367149758,130,"Boreal-tundra boundary",NA,"Fabaceae","Forb","Not woody","Not applicable","Not berry","Fixer",NA,NA,NA,NA,NA,0.0455094422485727,1
"103","Oxytropis campestris",24,8.69565217391304,3.57142857142857,-0.213509316770186,258,"Boreal-tundra boundary","Not available","Fabaceae","Forb","Not woody","Not applicable","Not berry","Fixer",0.106183518518519,11.8624807452,1.86153846153846,NA,NA,0.0778406039232091,4
"104","Salix lanata",24,24.6575342465753,23.728813559322,-0.0386966953022211,84,"Boreal-tundra boundary",NA,"Salicaceae","Shrub","Woody","Deciduous","Not berry","Not fixer",1.48126582278481,15.9006076153333,NA,35.998,NA,0.282536215338539,25
"105","Pedicularis labradorica",24,1.05263157894737,0,-0.043859649122807,140,"Boreal-tundra boundary",NA,"Orobanchaceae","Forb","Not woody","Not applicable","Not berry","Not fixer",NA,NA,NA,NA,NA,0.0908521303258145,1
"106","Rhododendron tomentosum",9,2.77777777777778,6.97674418604651,0.46655182314097,145,"Boreal-tundra boundary",NA,"Ericaceae","Shrub","Woody","Evergreen","Not berry","Not fixer",0.0818027415580074,5.80685368315973,NA,14.6520000846821,40.707501375,-0.205622813403236,15
"107","Minuartia arctica",9,8.06451612903226,5.08474576271187,-0.331085596257821,149,"Ubiquitous",NA,"Caryophyllaceae","Forb","Not woody","Not applicable","Not berry","Not fixer",NA,NA,NA,NA,NA,-0.116160082079528,1
"108","Cardamine digitata",5,4.44444444444444,0,-0.888888888888889,120,"Boreal-tundra boundary",NA,"Brassicaceae","Forb","Not woody","Not applicable","Not berry","Not fixer",0.0526,14.457849526,NA,NA,NA,-0.359734897870491,0
"109","Pedicularis sudetica",23,0,2.8169014084507,0.122473974280465,259,"Ubiquitous","Not available","Orobanchaceae","Forb","Not woody","Not applicable","Not berry","Not fixer",0.0846752136752137,NA,NA,NA,NA,-0.136900676621008,5
"110","Pedicularis lanata",24,0.689655172413793,0,-0.028735632183908,143,"Ubiquitous",NA,"Orobanchaceae","Forb","Not woody","Not applicable","Not berry","Not fixer",0.08075,NA,NA,NA,NA,0.0282305803887942,8
"111","Doronicum grandiflorum",24,1.5748031496063,0,-0.0656167979002625,261,"Boreal specialist","Not available","Asteraceae","Forb","Not woody","Not applicable","Not berry","Not fixer",NA,NA,NA,NA,NA,-0.0931948723800829,0
"112","Lupinus arcticus",24,3.1496062992126,8.33333333333333,0.215988626421697,117,"Boreal-tundra boundary",NA,"Fabaceae","Forb","Not woody","Not applicable","Not berry","Fixer",0.165711842105263,7.81291570505714,17.1222222222222,NA,NA,0.536325253403132,2
"113","Pedicularis verticillata",24,0.78740157480315,0,-0.0328083989501312,146,"Boreal-tundra boundary",NA,"Orobanchaceae","Forb","Not woody","Not applicable","Not berry","Not fixer",0.14365,11.5997895887,NA,NA,NA,-0.0224673988192667,2
"114","Senecio lugens",24,0.78740157480315,0,-0.0328083989501312,147,"Boreal-tundra boundary",NA,"Asteraceae","Forb","Not woody","Not applicable","Not berry","Not fixer",NA,NA,NA,NA,NA,-0.0328083989501312,0
"115","Carex chordorrhiza",25,0,6.45161290322581,0.258064516129032,153,"Boreal-tundra boundary",NA,"Cyperaceae","Graminoid","Not woody","Not applicable","Not berry","Not fixer",NA,NA,NA,NA,NA,0.258064516129032,1
"116","Carex rariflora",25,12.9032258064516,12.9032258064516,0,152,"Boreal-tundra boundary",NA,"Cyperaceae","Graminoid","Not woody","Not applicable","Not berry","Not fixer",0.276181818181818,NA,NA,NA,NA,0.453633682126758,4
"117","Eriophorum chamissonis",25,1.61290322580645,1.61290322580645,0,260,"Boreal-tundra boundary","Eriophorum russeolum","Cyperaceae","Graminoid","Not woody","Not applicable","Not berry","Not fixer",0.182538461538462,NA,NA,NA,NA,-0.0887546967257112,0
"118","Salix fuscescens",25,0,1.61290322580645,0.0645161290322581,151,"Boreal-tundra boundary",NA,"Salicaceae","Shrub","Woody","Deciduous","Not berry","Not fixer",NA,NA,NA,NA,NA,0.149029472779622,2
"119","Valeriana capitata",24,0,2.5,0.104166666666667,159,"Boreal-tundra boundary",NA,"Caprifoliaceae","Forb","Not woody","Not applicable","Not berry","Not fixer",0.185333333333333,23.2848131134375,0.767647058823529,NA,NA,-0.05761350214617,2
"120","Festuca rubra",24,4.60526315789474,0,-0.191885964912281,67,"Ubiquitous",NA,"Poaceae","Graminoid","Not woody","Not applicable","Not berry","Not fixer",0.314101014198783,11.2536188839639,0.858294117647059,17.3510285508266,30.9365295380885,0.110990677657426,7
"121","Oxytropis deflexa",24,3.94736842105263,0,-0.164473684210526,136,"Boreal-tundra boundary",NA,"Fabaceae","Forb","Not woody","Not applicable","Not berry","Fixer",NA,NA,NA,NA,NA,-0.164473684210526,0
"122","Salix polaris",25,1.73913043478261,0,-0.0695652173913043,87,"Arctic specialist",NA,"Salicaceae","Shrub","Woody","Deciduous","Not berry","Not fixer",0.0371731601731602,14.091292886927,NA,27.5337580355978,19.3994516396479,-0.0522751234232556,15
"123","Carex scirpoidea",24,1.11111111111111,1.61290322580645,0.0209080047789725,163,"Boreal-tundra boundary",NA,"Cyperaceae","Graminoid","Not woody","Not applicable","Not berry","Not fixer",0.1247,NA,NA,NA,NA,0.0209080047789725,0
"124","Kobresia sibirica",24,6.66666666666667,4.83870967741935,-0.0761648745519713,164,"Arctic specialist",NA,"Cyperaceae","Graminoid","Not woody","Not applicable","Not berry","Not fixer",NA,NA,NA,NA,NA,-0.0761648745519713,0
"125","Diapensia lapponica",10,11.3207547169811,14.2857142857143,0.296495956873315,184,"Ubiquitous",NA,"Diapensiaceae","Shrub","Woody","Evergreen","Not berry","Not fixer",0.032832,7.70257998044726,NA,13.5542857142857,NA,-0.0329778364902272,9
"126","Trisetum spicatum",10,1.13636363636364,7.04225352112676,0.590588988476312,96,"Ubiquitous",NA,"Poaceae","Graminoid","Not woody","Not applicable","Not berry","Not fixer",0.2435,25.030687535,NA,NA,NA,0.28798250915842,16
"127","Antennaria friesiana",10,0,3.50877192982456,0.350877192982456,196,"Ubiquitous",NA,"Asteraceae","Forb","Not woody","Not applicable","Not berry","Not fixer",0.0957333333333333,NA,NA,NA,NA,0.110040726817043,3
"128","Minuartia obtusiloba",10,3.84615384615385,1.75438596491228,-0.209176788124157,231,"Boreal-tundra boundary",NA,"Caryophyllaceae","Forb","Not woody","Not applicable","Not berry","Not fixer",NA,NA,NA,NA,NA,-0.0542220936957779,0
"129","Salix daphnoides",9,9.09090909090909,4.82758620689655,-0.47370254266806,283,"Boreal-tundra boundary","Salix pulchra","Salicaceae","Shrub","Woody","Deciduous","Not berry","Not fixer",0.352711934156379,11.6455099751607,NA,28.5325603448276,17.7757278973501,-0.261666487678256,26
"130","Carex rotundata",6,41.6666666666667,42.4242424242424,0.126262626262625,156,"Boreal-tundra boundary",NA,"Cyperaceae","Graminoid","Not woody","Not applicable","Not berry","Not fixer",NA,NA,NA,NA,NA,0.082120184484259,5
"131","Dupontia fisheri",6,0,3.03030303030303,0.505050505050505,162,"Ubiquitous",NA,"Poaceae","Graminoid","Not woody","Not applicable","Not berry","Not fixer",0.173766871165644,10.0751701495538,NA,17.0015625,29.052002735396,-0.274996829193578,17
"132","Ranunculus pallasii",9,0,2.89855072463768,0.322061191626409,271,"Boreal-tundra boundary","Coptidium pallasii","Ranunculaceae","Forb","Not woody","Not applicable","Not berry","Not fixer",NA,NA,NA,NA,NA,0.0701321235530875,2
"133","Luzula wahlenbergii",9,0,0.606060606060606,0.0673400673400673,155,"Ubiquitous",NA,"Juncaceae","Graminoid","Not woody","Not applicable","Not berry","Not fixer",0.204,NA,NA,NA,NA,-0.03695143525652,1
"134","Armeria maritima",22,20,2.5,-0.795454545454545,173,"Boreal-tundra boundary",NA,"Plumbaginaceae","Forb","Not woody","Not applicable","Not berry","Not fixer",0.185714285714286,NA,NA,NA,NA,-0.364538102639008,10
"135","Carex capillaris",22,0,2.5,0.113636363636364,77,"Boreal-tundra boundary",NA,"Cyperaceae","Graminoid","Not woody","Not applicable","Not berry","Not fixer",NA,13.34,NA,NA,NA,-0.0542977635482271,5
"136","Festuca vivipara",22,0,2.5,0.113636363636364,80,"Boreal-tundra boundary",NA,"Poaceae","Graminoid","Not woody","Not applicable","Not berry","Not fixer",0.139967741935484,10.8611426765263,NA,13.90714177,NA,0.171592973289425,4
"137","Salix herbacea",22,4,0,-0.181818181818182,24,"Ubiquitous",NA,"Salicaceae","Shrub","Woody","Deciduous","Not berry","Not fixer",0.0198065573770492,14.1662525764726,0.344940909090909,27.9864230769231,21.405563984,-0.136977969996786,14
"138","Thalictrum alpinum",22,0,7.5,0.340909090909091,56,"Boreal-tundra boundary",NA,"Ranunculaceae","Forb","Not woody","Not applicable","Not berry","Not fixer",0.0579191919191919,17.3606625945783,NA,28.2455445214286,25.9096336477778,-0.0691378559449656,29
"139","Kobresia myosuroides",22,2.56410256410256,8.16326530612245,0.25450739736454,157,"Ubiquitous",NA,"Cyperaceae","Graminoid","Not woody","Not applicable","Not berry","Not fixer",NA,NA,NA,NA,NA,0.113896087216285,19
"140","Oreojuncus trifidus",22,6.25,9.09090909090909,0.129132231404959,273,"Boreal-tundra boundary","Juncus trifidus","Juncaceae","Graminoid","Not woody","Not applicable","Not berry","Not fixer",0.0940505050505051,12.3284720307804,0.131684615384615,28.1653811457493,NA,0.0112590924479844,12
"141","Poa alpina",22,0,1.78571428571429,0.0811688311688312,64,"Ubiquitous",NA,"Poaceae","Graminoid","Not woody","Not applicable","Not berry","Not fixer",0.187964285714286,18.44181291925,0.905714285714286,24.170846675,NA,-0.138669422751351,2
"142","Potentilla hyparctica",9,3.57142857142857,5.55555555555556,0.220458553791887,232,"Ubiquitous",NA,"Rosaceae","Forb","Not woody","Not applicable","Not berry","Not fixer",0.0652368421052632,14.533745679944,NA,29.3730884438462,15.6986334624966,-0.0965968329405944,7
"143","Alopecurus alpinus",9,2.04081632653061,8.65384615384615,0.734781091923949,266,"Ubiquitous","Alopecurus borealis","Poaceae","Graminoid","Not woody","Not applicable","Not berry","Not fixer",0.21433734939759,10.0964892922667,NA,7.16666666666667,NA,-0.114268715157058,6
"144","Draba lactea",9,2.04081632653061,0,-0.226757369614512,233,"Ubiquitous",NA,"Brassicaceae","Forb","Not woody","Not applicable","Not berry","Not fixer",0.0518333333333333,NA,NA,NA,NA,0.0247153489533454,3
"145","Ranunculus nivalis",9,2.04081632653061,0,-0.226757369614512,38,"Ubiquitous",NA,"Ranunculaceae","Forb","Not woody","Not applicable","Not berry","Not fixer",0.101056338028169,34.0757522031258,NA,38.1814285714286,NA,-0.0929504574495824,14
"146","Draba micropetala",9,1.66666666666667,0,-0.185185185185185,234,"Arctic specialist",NA,"Brassicaceae","Forb","Not woody","Not applicable","Not berry","Not fixer",0.0405833333333333,NA,NA,NA,NA,-0.127477068189685,0
"147","Papaver lapponicum",9,0,1.04166666666667,0.115740740740741,235,"Ubiquitous",NA,"Papaveraceae","Forb","Not woody","Not applicable","Not berry","Not fixer",0.133461538461538,NA,NA,NA,NA,-0.146730194888612,1
"148","Calamagrostis holmii",9,0,2.47933884297521,0.275482093663912,245,"Boreal-tundra boundary",NA,"Poaceae","Graminoid","Not woody","Not applicable","Not berry","Not fixer",0.13085625,16.3243333333333,NA,NA,NA,0.269012886567746,3
"149","Cardamine pratensis",9,4.16666666666667,0,-0.462962962962963,187,"Ubiquitous",NA,"Brassicaceae","Forb","Not woody","Not applicable","Not berry","Not fixer",0.181779069767442,9.97387271440117,0.647909090909091,20.8902924325795,NA,-0.302443711695794,5
"150","Cerastium beeringianum",9,1.38888888888889,0,-0.154320987654321,239,"Ubiquitous",NA,"Caryophyllaceae","Forb","Not woody","Not applicable","Not berry","Not fixer",NA,NA,NA,NA,NA,-0.45851982451162,4
"151","Hierochloe pauciflora",9,0,0.826446280991736,0.0918273645546373,236,"Ubiquitous",NA,"Poaceae","Graminoid","Not woody","Not applicable","Not berry","Not fixer",0.134609022556391,NA,NA,NA,NA,0.425853066647441,13
"152","Stellaria humifusa",9,2.83018867924528,0,-0.314465408805031,240,"Ubiquitous",NA,"Caryophyllaceae","Forb","Not woody","Not applicable","Not berry","Not fixer",NA,NA,NA,NA,NA,-0.277989944535888,0
"153","Carex subspathacea",9,2,0,-0.222222222222222,242,"Ubiquitous",NA,"Cyperaceae","Graminoid","Not woody","Not applicable","Not berry","Not fixer",0.0877659574468085,NA,NA,NA,NA,-1.12986853999947,1
"154","Micranthes foliolosa",6,3.6697247706422,0,-0.611620795107034,206,"Ubiquitous",NA,"Saxifragaceae","Forb","Not woody","Not applicable","Not berry","Not fixer",0.0903394495412844,NA,NA,NA,NA,-0.260173588814063,7
"155","Micranthes hieraciifolia",9,1.5625,0,-0.173611111111111,238,"Ubiquitous",NA,"Saxifragaceae","Forb","Not woody","Not applicable","Not berry","Not fixer",NA,NA,NA,NA,NA,0.0264723925780366,3
"156","Arctophila fulva",5,4.81927710843374,2.46913580246914,-0.47002826119292,244,"Ubiquitous",NA,"Poaceae","Graminoid","Not woody","Not applicable","Not berry","Not fixer",NA,15.4226755169132,NA,18.6347280315152,26.3848887488036,-0.0685214836591586,1
"157","Chrysosplenium tetrandrum",5,1.20481927710843,0,-0.240963855421687,241,"Ubiquitous",NA,"Saxifragaceae","Forb","Not woody","Not applicable","Not berry","Not fixer",0.0166666666666667,NA,NA,NA,NA,-0.305865171917617,0
"158","Cochlearia officinalis",9,0,0.714285714285714,0.0793650793650794,237,"Boreal-tundra boundary",NA,"Brassicaceae","Forb","Not woody","Not applicable","Not berry","Not fixer",0.149769230769231,14.2816666666667,NA,NA,NA,-0.0319859705596606,6
"159","Ranunculus pygmaeus",6,10.6382978723404,1.38888888888889,-1.54156816390859,211,"Ubiquitous",NA,"Ranunculaceae","Forb","Not woody","Not applicable","Not berry","Not fixer",0.0503333333333333,29.49446289,NA,30.4356293188889,NA,-0.631895193065406,1
"160","Silene uralensis",5,0,0.884955752212389,0.176991150442478,243,"Ubiquitous",NA,"Caryophyllaceae","Forb","Not woody","Not applicable","Not berry","Not fixer",0.0368,NA,NA,NA,NA,0.1495456362713,2
"161","Carex fimbriata",8,0,4.80769230769231,0.600961538461539,276,"Boreal specialist","Carex pilulifera","Cyperaceae","Graminoid","Not woody","Not applicable","Not berry","Not fixer",0.221666666666667,20.2250945723734,NA,25.4237210468669,21.0051317329073,-0.160484061646622,2
"162","Cerastium arcticum",8,2.4390243902439,0,-0.304878048780488,91,"Arctic specialist",NA,"Caryophyllaceae","Forb","Not woody","Not applicable","Not berry","Not fixer",0.111666666666667,19.8169846633333,NA,NA,NA,0.0304150891988687,5
"163","Pedicularis dasyantha",8,1.58730158730159,3.57142857142857,0.248015873015873,92,"Arctic specialist",NA,"Orobanchaceae","Forb","Not woody","Not applicable","Not berry","Not fixer",NA,14.34327144,NA,NA,NA,0.0997927879235688,2
"164","Silene apetala",8,1.58730158730159,3.57142857142857,0.248015873015873,253,"Ubiquitous","Not available","Caryophyllaceae","Forb","Not woody","Not applicable","Not berry","Not fixer",NA,NA,NA,NA,NA,0.158566377149324,2
"165","Sagina nivalis",8,0,2.77777777777778,0.347222222222222,100,"Arctic specialist",NA,"Caryophyllaceae","Forb","Not woody","Not applicable","Not berry","Not fixer",0.0185714285714286,NA,NA,NA,NA,0.308333818473673,10
"166","Minuartia stricta",8,0,4.25531914893617,0.531914893617021,90,"Boreal-tundra boundary",NA,"Caryophyllaceae","Forb","Not woody","Not applicable","Not berry","Not fixer",NA,NA,NA,NA,NA,0.167981328682334,14
"167","Cerastium regelii",8,0,5.71428571428571,0.714285714285714,101,"Arctic specialist",NA,"Caryophyllaceae","Forb","Not woody","Not applicable","Not berry","Not fixer",NA,NA,NA,NA,NA,0.714285714285714,1
"168","Festuca altaica",10,3.2967032967033,6.25,0.29532967032967,134,"Boreal-tundra boundary",NA,"Poaceae","Graminoid","Not woody","Not applicable","Not berry","Not fixer",NA,NA,NA,NA,NA,0.386769421090166,4
"169","Gentianella propinqua",10,2.1978021978022,0,-0.21978021978022,208,"Boreal-tundra boundary",NA,"Gentianaceae","Forb","Not woody","Not applicable","Not berry","Not fixer",0.0974,25.5609995359667,0.0519805194545455,NA,NA,-0.204229732531619,0
"170","Potentilla fruticosa",10,0.952380952380952,0,-0.0952380952380952,285,"Boreal-tundra boundary","Dasiphora fruticosa","Rosaceae","Shrub","Woody","Deciduous","Not berry","Not fixer",0.477111111111111,19.4007819740629,NA,22.115,NA,-0.0526729559748428,0
"171","Salix arbusculoides",10,0.952380952380952,0,-0.0952380952380952,161,"Boreal-tundra boundary",NA,"Salicaceae","Shrub","Woody","Deciduous","Not berry","Not fixer",0.274428571428571,10.3467362238,NA,NA,NA,-0.0952380952380952,0
"172","Saxifraga flagellaris",10,0.943396226415094,0,-0.0943396226415094,270,"Arctic specialist","Saxifraga platysepala","Saxifragaceae","Forb","Not woody","Not applicable","Not berry","Not fixer",NA,NA,NA,NA,NA,-0.0943396226415094,0
"173","Poa pratensis",28,1.16279069767442,0,-0.0415282392026578,34,"Ubiquitous",NA,"Poaceae","Graminoid","Not woody","Not applicable","Not berry","Not fixer",0.278881067961165,20.3254970532472,NA,21.80678735617,29.2498865749,-0.156901188595243,6
"174","Phyllodoce caerulea",28,0,3.55029585798817,0.126796280642434,9,"Boreal-tundra boundary",NA,"Ericaceae","Shrub","Woody","Evergreen","Not berry","Not fixer",0.0673737024221453,9.05081524065271,3.63181304347826,10.494,NA,0.107383341036008,49
"175","Luzula parviflora",28,1.20481927710843,0,-0.0430292598967298,178,"Boreal-tundra boundary",NA,"Juncaceae","Graminoid","Not woody","Not applicable","Not berry","Not fixer",NA,NA,NA,NA,NA,-0.0430292598967298,0
"176","Carex mackenziei",28,0,0.75187969924812,0.0268528464017186,69,"Boreal-tundra boundary",NA,"Cyperaceae","Graminoid","Not woody","Not applicable","Not berry","Not fixer",NA,NA,NA,NA,NA,-0.0918367346938775,1
"177","Carex microglochin",28,0,3.00751879699248,0.107411385606874,182,"Boreal-tundra boundary",NA,"Cyperaceae","Graminoid","Not woody","Not applicable","Not berry","Not fixer",NA,NA,NA,NA,NA,0.142451709387894,5
"178","Saxifraga tricuspidata",28,0,0.645161290322581,0.0230414746543779,183,"Ubiquitous",NA,"Saxifragaceae","Forb","Not woody","Not applicable","Not berry","Not fixer",NA,NA,NA,NA,NA,-0.110430482185006,1
"179","Festuca richardsonii",6,1.75438596491228,0,-0.292397660818713,277,"Ubiquitous","Festuca rubra","Poaceae","Graminoid","Not woody","Not applicable","Not berry","Not fixer",0.314101014198783,11.2536188839639,0.858294117647059,17.3510285508266,30.9365295380885,0.00077402069038943,12
"180","Saxifraga cespitosa",6,3.57142857142857,0,-0.595238095238095,210,"Ubiquitous",NA,"Saxifragaceae","Forb","Not woody","Not applicable","Not berry","Not fixer",NA,NA,NA,NA,NA,-0.467687074829932,0
"181","Alopecurus magellanicus",12,2.04081632653061,0,-0.170068027210884,264,"Ubiquitous","Alopecurus borealis","Poaceae","Graminoid","Not woody","Not applicable","Not berry","Not fixer",0.129036363636364,NA,NA,25.3730580041176,17.4986372773333,0.497775760282536,4
"182","Stellaria crassipes",12,0,3.33333333333333,0.277777777777778,281,"Ubiquitous","Stellaria longipes","Caryophyllaceae","Forb","Not woody","Not applicable","Not berry","Not fixer",0.0585963302752294,15.1298900284239,0.041696428625,NA,NA,0.230291322857887,3
"183","Draba nivalis",6,3.33333333333333,0,-0.555555555555556,212,"Ubiquitous",NA,"Brassicaceae","Forb","Not woody","Not applicable","Not berry","Not fixer",NA,NA,NA,NA,NA,-0.579734652213644,1
"184","Betula pubescens",16,0,0.353356890459364,0.0220848056537102,23,"Boreal-tundra boundary",NA,"Betulaceae","Shrub","Woody","Deciduous","Not berry","Not fixer",2.3404347826087,17.1514756432907,0.216641025538462,24.6661736280495,21.4463305292237,0.107520047931121,4
"185","Calluna vulgaris",16,44.280442804428,88.339222614841,2.75367373815081,7,"Boreal-tundra boundary",NA,"Ericaceae","Shrub","Woody","Evergreen","Not berry","Not fixer",0.170161016949153,11.7952567056652,0.0344,13.8289911197779,36.3475201577525,0.416627128914762,18
"186","Hieracium alpinum",16,0,0.33112582781457,0.0206953642384106,15,"Boreal-tundra boundary",NA,"Asteraceae","Forb","Not woody","Not applicable","Not berry","Not fixer",0.130257575757576,21.3028474836964,NA,NA,NA,-0.0411975931082824,4
"187","Achillea millefolium",5,3.6036036036036,7.20720720720721,0.720720720720721,72,"Boreal-tundra boundary",NA,"Asteraceae","Forb","Not woody","Not applicable","Not berry","Not fixer",0.152457655826558,15.0073242878333,0.1372,23.4474546570163,18.5018296462823,0.316941654669849,0
"188","Aconitum septentrionale",5,0,2.7027027027027,0.540540540540541,251,"Boreal-tundra boundary","Aconitum lycoctonum","Ranunculaceae","Forb","Not woody","Not applicable","Not berry","Not fixer",0.997925925925926,NA,NA,NA,NA,0.540540540540541,1
"189","Agrostis capillaris",5,7.20720720720721,4.5045045045045,-0.540540540540541,57,"Boreal-tundra boundary",NA,"Poaceae","Graminoid","Not woody","Not applicable","Not berry","Not fixer",0.388,29.3550848673379,NA,30.3256249214037,15.8772297532372,-0.022811827443383,1
"190","Alchemilla alpina",5,2.7027027027027,1.8018018018018,-0.18018018018018,51,"Boreal-tundra boundary",NA,"Rosaceae","Forb","Not woody","Not applicable","Not berry","Not fixer",0.109657142857143,13.5524117770833,0.382625,NA,NA,-0.00285556977551127,0
"191","Anthoxanthum odoratum",5,9.00900900900901,2.7027027027027,-1.26126126126126,47,"Boreal specialist",NA,"Poaceae","Graminoid","Not woody","Not applicable","Not berry","Not fixer",0.257841327623126,24.4468471722896,0.413318,23.5765454163337,18.2977580080616,-0.427629025671681,8
"192","Campanula rotundifolia",5,0.900900900900901,0.900900900900901,0,52,"Boreal-tundra boundary",NA,"Campanulaceae","Forb","Not woody","Not applicable","Not berry","Not fixer",0.245007407407407,21.4559901466555,0.0621,23.1375,20.3463291136,-0.0823161029233054,0
"193","Carex flava",5,0.900900900900901,0,-0.18018018018018,74,"Boreal specialist",NA,"Cyperaceae","Graminoid","Not woody","Not applicable","Not berry","Not fixer",0.491666666666667,NA,NA,NA,NA,-0.160225836696425,0
"194","Cerastium fontanum",5,0.900900900900901,0.900900900900901,0,66,"Boreal-tundra boundary",NA,"Caryophyllaceae","Forb","Not woody","Not applicable","Not berry","Not fixer",0.252935483870968,29.5502603995212,0.143,17.848,NA,-0.196569974143504,0
"195","Euphrasia wettsteinii",5,0.900900900900901,0.900900900900901,0,53,"Ubiquitous",NA,"Orobanchaceae","Forb","Not woody","Not applicable","Not berry","Not fixer",NA,NA,NA,NA,NA,0.0562843662199239,1
"196","Geranium sylvaticum",5,4.5045045045045,9.00900900900901,0.900900900900901,73,"Boreal-tundra boundary",NA,"Geraniaceae","Forb","Not woody","Not applicable","Not berry","Not fixer",0.414385620915033,21.5667222661602,5.668,24.5672159858826,NA,0.221628690188528,0
"197","Luzula multiflora",5,0.900900900900901,0.900900900900901,0,29,"Boreal-tundra boundary",NA,"Juncaceae","Graminoid","Not woody","Not applicable","Not berry","Not fixer",0.146189655172414,24.5324367214013,0.371111111111111,22.6506778135056,NA,0.0139739460808944,7
"198","Nardus stricta",5,27.027027027027,10.8108108108108,-3.24324324324324,46,"Boreal-tundra boundary",NA,"Poaceae","Graminoid","Not woody","Not applicable","Not berry","Not fixer",0.211308823529412,10.8236336586845,0.3145625,14.6935862074487,30.0674450404175,-1.48461364697967,0
"199","Phleum alpinum",5,0.900900900900901,0.900900900900901,0,37,"Boreal-tundra boundary",NA,"Poaceae","Graminoid","Not woody","Not applicable","Not berry","Not fixer",0.268404761904762,23.182198994384,0.375378571428571,28.3577916666667,NA,-0.0715466182876199,2
"200","Potentilla erecta",5,0.900900900900901,0,-0.18018018018018,76,"Boreal specialist",NA,"Rosaceae","Forb","Not woody","Not applicable","Not berry","Not fixer",0.201714285714286,23.0101454597626,0.423492063492064,23.5678265243416,20.5232179330175,0.276423368380889,1
"201","Ranunculus acris",5,2.7027027027027,3.6036036036036,0.18018018018018,44,"Boreal-tundra boundary",NA,"Ranunculaceae","Forb","Not woody","Not applicable","Not berry","Not fixer",0.243049345417925,21.1025006247015,1.49845454545455,21.4356436426518,16.9444381441829,0.111064088820695,5
"202","Rhinanthus minor",5,0.900900900900901,0.900900900900901,0,75,"Boreal-tundra boundary",NA,"Orobanchaceae","Forb","Not woody","Not applicable","Not berry","Not fixer",0.352727272727273,15.7789741878547,2.0652,34.8952799904974,11.812895194,0.0413344825109531,0
"203","Sagina saginoides",5,0.900900900900901,0,-0.18018018018018,68,"Boreal-tundra boundary",NA,"Caryophyllaceae","Forb","Not woody","Not applicable","Not berry","Not fixer",0.073,NA,NA,NA,NA,-0.195353247984827,0
"204","Scorzoneroides autumnalis",5,0.900900900900901,0.900900900900901,0,60,"Boreal-tundra boundary",NA,"Asteraceae","Forb","Not woody","Not applicable","Not berry","Not fixer",0.156873015873016,25.3420476019698,0.661818181818182,21.9422230317941,19.4820955022,0.156583238083626,1
"205","Veronica alpina",5,0.900900900900901,1.8018018018018,0.18018018018018,45,"Ubiquitous",NA,"Plantaginaceae","Forb","Not woody","Not applicable","Not berry","Not fixer",0.06525,22.3982178405344,0.0558714285714286,29.0318531516164,NA,-0.0130845707299463,3
"206","Viola palustris",5,3.6036036036036,3.6036036036036,0,58,"Boreal-tundra boundary",NA,"Violaceae","Forb","Not woody","Not applicable","Not berry","Not fixer",0.117604166666667,NA,NA,NA,NA,0.288257120335138,1
"207","Omalotheca supina",5,1.88679245283019,0.892857142857143,-0.198787061994609,55,"Boreal-tundra boundary",NA,"Asteraceae","Forb","Not woody","Not applicable","Not berry","Not fixer",NA,NA,NA,NA,NA,-0.544962928270536,0
"208","Sibbaldia procumbens",5,5.66037735849057,0.892857142857143,-0.953504043126685,35,"Boreal-tundra boundary",NA,"Rosaceae","Forb","Not woody","Not applicable","Not berry","Not fixer",0.0306,17.0642275140432,NA,27.73625,NA,-0.0147155095728177,9
"209","Viola biflora",5,2.83018867924528,1.78571428571429,-0.2088948787062,40,"Boreal-tundra boundary",NA,"Violaceae","Forb","Not woody","Not applicable","Not berry","Not fixer",0.0418432835820896,43.9717505286,NA,43.5975,NA,0.182997049184616,10
"210","Agrostis mertensii",5,0,1.53846153846154,0.307692307692308,31,"Boreal-tundra boundary",NA,"Poaceae","Graminoid","Not woody","Not applicable","Not berry","Not fixer",0.140898550724638,25.5882313197826,0.143333333333333,NA,NA,-0.290513795273259,9
"211","Dactylorhiza viridis",5,0,0.769230769230769,0.153846153846154,250,"Boreal-tundra boundary","Coeloglossum viride","Orchidaceae","Forb","Not woody","Not applicable","Not berry","Not fixer",0.21875,NA,NA,NA,NA,-0.00422928663951182,1
"212","Pilosella officinarum",5,5.88235294117647,0,-1.17647058823529,249,"Boreal specialist","Not available","Asteraceae","Forb","Not woody","Not applicable","Not berry","Not fixer",0.0779479166666667,16.2432553066342,0.140666666666667,23.1716822959415,21.7861971477017,-0.354808590102708,0
"213","Pyrola minor",5,1.88679245283019,1.0752688172043,-0.162304727125177,50,"Boreal-tundra boundary",NA,"Ericaceae","Forb","Not woody","Not applicable","Not berry","Not fixer",0.0960507246376812,17.4575002175948,NA,NA,NA,0.237025542118347,3
"214","Parnassia palustris",5,0.952380952380952,1.37931034482759,0.0853858784893268,79,"Boreal-tundra boundary",NA,"Celastraceae","Forb","Not woody","Not applicable","Not berry","Not fixer",0.126363636363636,20.8067950629705,NA,18.2443004422982,27.4522427566438,0.0291998579616135,1
"215","Potentilla crantzii",5,3.80952380952381,3.44827586206897,-0.0722495894909689,54,"Ubiquitous",NA,"Rosaceae","Forb","Not woody","Not applicable","Not berry","Not fixer",0.127366666666667,15.5197743420902,0.361357142857143,29.3548886888889,NA,-0.0698664065479575,1
"216","Cerastium cerastoides",5,1.05263157894737,0.925925925925926,-0.0253411306042885,61,"Boreal-tundra boundary",NA,"Caryophyllaceae","Forb","Not woody","Not applicable","Not berry","Not fixer",0.0445454545454545,24.9892857142857,NA,NA,NA,0.0473954208930227,1
"217","Epilobium anagallidifolium",5,2.10526315789474,1.85185185185185,-0.050682261208577,62,"Boreal-tundra boundary",NA,"Onagraceae","Forb","Not woody","Not applicable","Not berry","Not fixer",0.0693846153846154,22.268,0.0588375,NA,NA,-0.138977494240652,0
"218","Rumex acetosa",5,2.10526315789474,0.925925925925926,-0.235867446393762,26,"Boreal-tundra boundary",NA,"Polygonaceae","Forb","Not woody","Not applicable","Not berry","Not fixer",0.319598743619945,22.3782942783134,0.788440909090909,31.0531578051671,12.6257926830971,-0.0357740272781886,3
"219","Gentiana nivalis",5,0,1.44927536231884,0.289855072463768,43,"Boreal-tundra boundary",NA,"Gentianaceae","Forb","Not woody","Not applicable","Not berry","Not fixer",0.0817888888888889,30.5832592592593,NA,NA,NA,0.0771794195313096,3
"220","Antennaria pulchella",5,1.36986301369863,2.27272727272727,0.180572851805729,248,"Arctic specialist","Antennaria media","Asteraceae","Forb","Not woody","Not applicable","Not berry","Not fixer",NA,NA,NA,NA,NA,0.180572851805729,0
"221","Pyrola rotundifolia",5,0,2.75229357798165,0.55045871559633,252,"Boreal-tundra boundary","Not available","Ericaceae","Forb","Not woody","Not applicable","Not berry","Not fixer",0.233428571428571,NA,NA,14.6496666666667,NA,0.316274798286962,2
"222","Luzula arcuata",21,0,2.32558139534884,0.110741971207087,166,"Boreal-tundra boundary",NA,"Juncaceae","Graminoid","Not woody","Not applicable","Not berry","Not fixer",NA,NA,NA,15.275,NA,-0.0189834145303359,6
"223","Saxifraga aizoides",20,1.12359550561798,0,-0.0561797752808989,185,"Ubiquitous",NA,"Saxifragaceae","Forb","Not woody","Not applicable","Not berry","Not fixer",0.0771428571428572,14.4995910685294,NA,17.41389858375,NA,-0.0561797752808989,0
"224","Harrimanella hypnoides",18,2.17391304347826,0,-0.120772946859903,19,"Boreal-tundra boundary",NA,"Ericaceae","Shrub","Woody","Evergreen","Not berry","Not fixer",0.0146588235294118,8.77593345261441,NA,15.07,NA,-0.126284024204183,41
"225","Kalmia procumbens",18,0,4.76190476190476,0.264550264550265,22,"Boreal-tundra boundary",NA,"Ericaceae","Shrub","Woody","Evergreen","Not berry","Not fixer",0.0361111111111111,4.75368827173251,0.01684,8.05727272727273,NA,0.424323416013526,5
"226","Antennaria alpina",6,1.47058823529412,0,-0.245098039215686,48,"Boreal-tundra boundary",NA,"Asteraceae","Forb","Not woody","Not applicable","Not berry","Not fixer",0.105961240310078,22.447731113125,NA,19.21,NA,0.0481023081834681,3
"227","Trollius europaeus",18,1.42857142857143,0,-0.0793650793650794,188,"Boreal-tundra boundary",NA,"Ranunculaceae","Forb","Not woody","Not applicable","Not berry","Not fixer",0.503344827586207,22.950534295147,NA,26.3377011479161,NA,0.0261936131501349,1
"228","Taraxacum croceum",22,2.4390243902439,1.5625,-0.0398420177383592,186,"Boreal-tundra boundary",NA,"Asteraceae","Forb","Not woody","Not applicable","Not berry","Not fixer",NA,34.7933333333333,NA,NA,NA,0.0135014510238685,1
"229","Carex lachenalii",22,14.8648648648649,1.38888888888889,-0.612544362544363,28,"Ubiquitous",NA,"Cyperaceae","Graminoid","Not woody","Not applicable","Not berry","Not fixer",0.113878787878788,18.6314356516667,NA,NA,NA,-0.396969511247225,2
"230","Rumex alpestris",22,0,1.44927536231884,0.0658761528326746,280,"Boreal-tundra boundary","Rumex acetosa","Polygonaceae","Forb","Not woody","Not applicable","Not berry","Not fixer",0.319598743619945,22.3782942783134,0.788440909090909,31.0531578051671,12.6257926830971,0.0658761528326746,1
"231","Lycopodium complanatum",16,0.165837479270315,0,-0.0103648424543947,274,"Boreal specialist","Diphasiastrum complanatum","Lycopodiaceae","Forb","Not woody","Not applicable","Not berry","Not fixer",0.0888888888888889,6.8986253614,NA,8.0405,NA,-0.0100500224733033,0
"232","Erigeron humilis",8,1.15606936416185,1.75438596491228,0.0747895750938039,95,"Ubiquitous",NA,"Asteraceae","Forb","Not woody","Not applicable","Not berry","Not fixer",NA,NA,NA,NA,NA,-0.313784519902974,0
"233","Cardamine digitalis",23,0,1.31578947368421,0.05720823798627,286,"Boreal-tundra boundary","Cardamine digitata","Brassicaceae","Forb","Not woody","Not applicable","Not berry","Not fixer",0.0526,14.457849526,NA,NA,NA,0.0510887440056949,5
"234","Festuca baffinensis",23,1.06382978723404,0,-0.0462534690101758,227,"Ubiquitous",NA,"Poaceae","Graminoid","Not woody","Not applicable","Not berry","Not fixer",0.146290322580645,12.9268667401667,0.619047619047619,NA,NA,-0.0916774563683885,3
"235","Micranthes nelsoniana",17,0,0.526315789473684,0.0309597523219814,228,"Ubiquitous",NA,"Saxifragaceae","Forb","Not woody","Not applicable","Not berry","Not fixer",0.152005050505051,14.8241470625161,0.0406666666,NA,NA,-0.0196818678615128,1
"236","Lagotis minor",23,0,0.537634408602151,0.0233754090696587,287,"Ubiquitous","Lagotis glauca","Plantaginaceae","Forb","Not woody","Not applicable","Not berry","Not fixer",0.139372549019608,9.19893021526667,5.075,NA,NA,0.0233754090696587,1
"237","Carex brunnescens",16,22.8758169934641,0.353356890459364,-1.40765375643779,32,"Boreal-tundra boundary",NA,"Cyperaceae","Graminoid","Not woody","Not applicable","Not berry","Not fixer",0.107142857142857,NA,NA,NA,NA,-0.602908918361271,2
"238","Gnaphalium supinum",16,0.261780104712042,0,-0.0163612565445026,247,"Boreal-tundra boundary","Omalotheca supina","Asteraceae","Forb","Not woody","Not applicable","Not berry","Not fixer",0.0474893617021277,34.356376956,NA,27.3266666666667,NA,-0.0427286877245854,5
"239","Vahlodea atropurpurea",16,0,0.193050193050193,0.0120656370656371,36,"Boreal-tundra boundary",NA,"Poaceae","Graminoid","Not woody","Not applicable","Not berry","Not fixer",NA,NA,NA,NA,NA,0.0173824855437011,5
"240","Rhodiola rosea",16,0.196463654223969,0,-0.012278978388998,39,"Ubiquitous",NA,"Crassulaceae","Forb","Not woody","Not applicable","Not berry","Not fixer",0.106259259259259,23.087025046756,NA,31.9590008681638,NA,0.0783707217083103,7
"241","Antennaria dioica",16,0.421940928270042,0,-0.0263713080168776,41,"Boreal-tundra boundary",NA,"Asteraceae","Forb","Not woody","Not applicable","Not berry","Not fixer",0.0958511489783453,18.366841616044,NA,15.9907692307692,NA,-0.0263713080168776,0
"242","Galium boreale",24,0,8.33333333333333,0.347222222222222,225,"Boreal-tundra boundary",NA,"Rubiaceae","Forb","Not woody","Not applicable","Not berry","Not fixer",0.2770625,21.010994007473,NA,23.1785714285714,NA,0.746252204585538,6
"243","Galium normanii",24,0,8.33333333333333,0.347222222222222,224,"Boreal specialist",NA,"Rubiaceae","Forb","Not woody","Not applicable","Not berry","Not fixer",NA,NA,NA,NA,NA,0.347222222222222,1
"244","Galium verum",24,25,16.6666666666667,-0.347222222222222,223,"Boreal-tundra boundary",NA,"Rubiaceae","Forb","Not woody","Not applicable","Not berry","Not fixer",0.152373188405797,20.3704738330437,0.6076,18.7268234051996,21.9409062919044,0.826719576719577,4
"245","Agrostis vinealis",24,33.3333333333333,0,-1.38888888888889,226,"Boreal-tundra boundary",NA,"Poaceae","Graminoid","Not woody","Not applicable","Not berry","Not fixer",0.485714285714286,NA,NA,NA,NA,-1.38888888888889,0
"246","Avenella flexuosa",24,16.6666666666667,16.6666666666667,0,221,"Boreal-tundra boundary",NA,"Poaceae","Graminoid","Not woody","Not applicable","Not berry","Not fixer",NA,NA,NA,NA,NA,-0.171130952380952,1
"247","Pedicularis flammea",23,0,8,0.347826086956522,169,"Arctic specialist",NA,"Orobanchaceae","Forb","Not woody","Not applicable","Not berry","Not fixer",NA,NA,NA,NA,NA,0.0490980423320828,9
"248","Euphrasia frigida",23,0,3.33333333333333,0.144927536231884,171,"Arctic specialist",NA,"Orobanchaceae","Forb","Not woody","Not applicable","Not berry","Not fixer",0.0792083333333333,18.0266893919151,0.3666,47.8283817884712,NA,-0.0467064315891682,5
"249","Koenigia islandica",23,0,10,0.434782608695652,172,"Ubiquitous",NA,"Polygonaceae","Forb","Not woody","Not applicable","Not berry","Not fixer",0.0385714285714286,NA,NA,NA,NA,0.434782608695652,1
"250","Minuartia biflora",23,0,1.25,0.0543478260869565,167,"Ubiquitous",NA,"Caryophyllaceae","Forb","Not woody","Not applicable","Not berry","Not fixer",NA,NA,NA,NA,NA,0.0724753565742346,5
"251","Thymus praecox",23,0,2,0.0869565217391304,174,"Boreal-tundra boundary",NA,"Lamiaceae","Shrub","Woody","Evergreen","Not berry","Not fixer",0.0883333333333333,15.9014109682257,NA,16.4695833333333,NA,0.0869565217391304,1
"252","Micranthes nivalis",23,3.57142857142857,0,-0.15527950310559,176,"Ubiquitous",NA,"Saxifragaceae","Forb","Not woody","Not applicable","Not berry","Not fixer",0.0882857142857143,NA,NA,NA,NA,-0.15527950310559,0
"253","Arabidopsis lyrata",23,1.31578947368421,0,-0.05720823798627,263,"Ubiquitous","Arabidopsis petraea","Brassicaceae","Forb","Not woody","Not applicable","Not berry","Not fixer",NA,31.5166588888889,NA,NA,NA,-0.05720823798627,0
"254","Salix phylicifolia",22,0,5.26315789473684,0.239234449760766,175,"Boreal-tundra boundary",NA,"Salicaceae","Shrub","Woody","Deciduous","Not berry","Not fixer",2.685,11.0933599061772,NA,8.83861520851696,NA,0.199362041467305,2
"255","Arnica lessingii",18,0,2.17391304347826,0.120772946859903,199,"Boreal-tundra boundary",NA,"Asteraceae","Forb","Not woody","Not applicable","Not berry","Not fixer",NA,NA,NA,NA,NA,0.120772946859903,1
"256","Calamagrostis inexpansa",18,2.17391304347826,0,-0.120772946859903,197,"Boreal specialist",NA,"Poaceae","Graminoid","Not woody","Not applicable","Not berry","Not fixer",NA,NA,NA,NA,NA,-0.092593182711661,5
"257","Lagotis glauca",18,4,0,-0.222222222222222,202,"Ubiquitous",NA,"Plantaginaceae","Forb","Not woody","Not applicable","Not berry","Not fixer",0.139372549019608,9.19893021526667,5.075,NA,NA,-0.0482819045249056,1
"258","Polemonium acutiflorum",18,0,1.49253731343284,0.0829187396351575,198,"Boreal-tundra boundary",NA,"Polemoniaceae","Forb","Not woody","Not applicable","Not berry","Not fixer",0.4019375,27.8586,NA,NA,NA,0.0829187396351575,1
"259","Geum glaciale",12,0,1.03092783505155,0.0859106529209622,205,"Ubiquitous",NA,"Rosaceae","Forb","Not woody","Not applicable","Not berry","Not fixer",NA,NA,NA,NA,NA,0.0859106529209622,1
"260","Androsace chamaejasme",12,3.2258064516129,0,-0.268817204301075,204,"Boreal-tundra boundary",NA,"Primulaceae","Forb","Not woody","Not applicable","Not berry","Not fixer",NA,NA,NA,NA,NA,-0.268817204301075,0
"261","Ranunculus lapponicus",18,0,5.12820512820513,0.284900284900285,268,"Ubiquitous","Coptidium lapponicum","Ranunculaceae","Forb","Not woody","Not applicable","Not berry","Not fixer",NA,NA,NA,NA,NA,-0.156827463329011,1
"262","Epilobium latifolium",18,14.2857142857143,15,0.0396825396825397,267,"Ubiquitous","Chamerion latifolium","Onagraceae","Forb","Not woody","Not applicable","Not berry","Not fixer",0.1555,NA,NA,22.7541666666667,NA,0.157203907203907,1
"263","Betula glandulosa",5,3.2258064516129,13.4146341463415,2.03776553894571,203,"Boreal-tundra boundary",NA,"Betulaceae","Shrub","Woody","Deciduous","Not berry","Not fixer",0.557087465181058,13.2252774178834,NA,24.4840486261333,22.9194166666667,0.163033651147817,0
"264","Salix uva-ursi",8,0,5.40540540540541,0.675675675675676,213,"Boreal-tundra boundary",NA,"Salicaceae","Shrub","Woody","Deciduous","Not berry","Not fixer",NA,NA,NA,NA,NA,-0.251384432722461,1
"265","Euphrasia arctica",5,0,1.75438596491228,0.350877192982456,215,"Boreal specialist",NA,"Orobanchaceae","Forb","Not woody","Not applicable","Not berry","Not fixer",NA,NA,NA,NA,NA,0.36532978335715,3
"266","Salix arctophila",7,19.7183098591549,31.0810810810811,1.62325303170374,214,"Boreal-tundra boundary",NA,"Salicaceae","Shrub","Woody","Deciduous","Not berry","Not fixer",0.0915254237288136,NA,NA,NA,NA,0.865505826196696,1
"267","Veronica wormskjoldii",8,1.42857142857143,0,-0.178571428571429,216,"Boreal-tundra boundary",NA,"Plantaginaceae","Forb","Not woody","Not applicable","Not berry","Not fixer",NA,NA,NA,NA,NA,-0.178571428571429,0
"268","Potentilla uniflora",10,1.21951219512195,0,-0.121951219512195,191,"Boreal-tundra boundary",NA,"Rosaceae","Forb","Not woody","Not applicable","Not berry","Not fixer",NA,NA,NA,NA,NA,-0.121951219512195,0
"269","Carex nardina",11,25,50,2.27272727272727,193,"Ubiquitous",NA,"Cyperaceae","Graminoid","Not woody","Not applicable","Not berry","Not fixer",NA,NA,NA,NA,NA,0.227272727272728,0
"270","Carex supina",11,50,40,-0.909090909090909,192,"Boreal-tundra boundary",NA,"Cyperaceae","Graminoid","Not woody","Not applicable","Not berry","Not fixer",NA,NA,NA,NA,NA,0.34435261707989,1
"271","Arenaria pseudofrigida",11,10,0,-0.909090909090909,195,"Ubiquitous",NA,"Caryophyllaceae","Forb","Not woody","Not applicable","Not berry","Not fixer",NA,NA,NA,NA,NA,-0.909090909090909,0
"272","Lesquerella arctica",11,10,5,-0.454545454545455,194,"Ubiquitous",NA,"Brassicaceae","Forb","Not woody","Not applicable","Not berry","Not fixer",NA,NA,NA,NA,NA,-0.454545454545455,0
