"","SPECIES_CLEAN","Zone_A","Zone_B","Zone_C","Zone_D","Zone_E","BorealSpecies","ArcticSpecies","ArcticEndemic","BorderlineSpecies","Acronym","Class","ClassNew"
"1","Cassiope tetragona","No","?","F","F","F","F",1,"",NA,"No_?_F_F_F_F","Cosmopolitan","Ubiquitous"
"2","Dryas integrifolia","No","R","F","F","F","F",1,"",NA,"No_R_F_F_F_F","Cosmopolitan","Ubiquitous"
"3","Luzula nivalis","F","F","F","F","S","R",1,"",NA,"F_F_F_F_S_R","High_Low_Arctic","Arctic specialist"
"4","Luzula confusa","F","F","F","F","F","S",1,"",NA,"F_F_F_F_F_S","Cosmopolitan","Ubiquitous"
"5","Oxyria digyna","F","F","F","F","F","F",1,"",NA,"F_F_F_F_F_F","Cosmopolitan","Ubiquitous"
"6","Salix arctica","No","S","F","F","F","F",1,"",NA,"No_S_F_F_F_F","Cosmopolitan","Ubiquitous"
"7","Calluna vulgaris","No","No","No","No","F","F",1,"",NA,"No_No_No_No_F_F","Low_Arctic_Boreal","Boreal-tundra boundary"
"8","Empetrum nigrum","No","R","S","F","F","F",1,"",NA,"No_R_S_F_F_F","Cosmopolitan","Ubiquitous"
"9","Phyllodoce caerulea","No","No","No","?","F","F",1,"",NA,"No_No_No_?_F_F","Low_Arctic_Boreal","Boreal-tundra boundary"
"10","Vaccinium myrtillus","No","No","No","F","F","F",1,"",NA,"No_No_No_F_F_F","Low_Arctic_Boreal","Boreal-tundra boundary"
"11","Vaccinium vitis-idaea","No","?","R","F","F","F",1,"",NA,"No_?_R_F_F_F","Low_Arctic_Boreal","Boreal-tundra boundary"
"12","Juniperus communis","No","No","No","R","F","F",1,"",NA,"No_No_No_R_F_F","Low_Arctic_Boreal","Boreal-tundra boundary"
"13","Betula nana","No","No","R","S","F","F",1,"",NA,"No_No_R_S_F_F","Low_Arctic_Boreal","Boreal-tundra boundary"
"14","Arctous alpina","No","No","S","F","F","F",1,"",NA,"No_No_S_F_F_F","Cosmopolitan","Ubiquitous"
"15","Hieracium alpinum","No","No","?","F","F","F",1,"",NA,"No_No_?_F_F_F","Low_Arctic_Boreal","Boreal-tundra boundary"
"16","Solidago virgaurea","No","No","No","R","F","F",1,"",NA,"No_No_No_R_F_F","Low_Arctic_Boreal","Boreal-tundra boundary"
"17","Carex bigelowii","No","No","R","F","F","F",1,"",NA,"No_No_R_F_F_F","Low_Arctic_Boreal","Boreal-tundra boundary"
"18","Festuca ovina","No","No","No","?","F","F",1,"",NA,"No_No_No_?_F_F","Low_Arctic_Boreal","Boreal-tundra boundary"
"19","Harrimanella hypnoides","No","No","R","F","F","F",1,"",NA,"No_No_R_F_F_F","Low_Arctic_Boreal","Boreal-tundra boundary"
"20","Andromeda polifolia","No","No","?","F","F","F",1,"",NA,"No_No_?_F_F_F","Low_Arctic_Boreal","Boreal-tundra boundary"
"21","Vaccinium uliginosum","No","?","S","F","F","F",1,"",NA,"No_?_S_F_F_F","Cosmopolitan","Ubiquitous"
"22","Kalmia procumbens","No","No","R","F","F","F",1,"",NA,"No_No_R_F_F_F","Low_Arctic_Boreal","Boreal-tundra boundary"
"23","Betula pubescens","No","No","No","?","F","F",1,"",NA,"No_No_No_?_F_F","Low_Arctic_Boreal","Boreal-tundra boundary"
"24","Salix herbacea","No","R","S","F","F","S",1,"",NA,"No_R_S_F_F_S","Cosmopolitan","Ubiquitous"
"25","Pedicularis lapponica","No","No","R","F","F","F",1,"",NA,"No_No_R_F_F_F","Low_Arctic_Boreal","Boreal-tundra boundary"
"26","Rumex acetosa","No","No","R","F","F","F",1,"",NA,"No_No_R_F_F_F","Low_Arctic_Boreal","Boreal-tundra boundary"
"27","Calamagrostis lapponica","No","No","?","S","F","F",1,"",NA,"No_No_?_S_F_F","Low_Arctic_Boreal","Boreal-tundra boundary"
"28","Carex lachenalii","No","No","S","F","F","F",1,"",NA,"No_No_S_F_F_F","Cosmopolitan","Ubiquitous"
"29","Luzula multiflora","No","No","No","S","F","F",1,"",NA,"No_No_No_S_F_F","Low_Arctic_Boreal","Boreal-tundra boundary"
"30","Luzula spicata","No","No","R","F","F","F",1,"",NA,"No_No_R_F_F_F","Low_Arctic_Boreal","Boreal-tundra boundary"
"31","Agrostis mertensii","No","No","R","F","F","F",1,"",NA,"No_No_R_F_F_F","Low_Arctic_Boreal","Boreal-tundra boundary"
"32","Carex brunnescens","No","No","No","S","F","F",1,"",NA,"No_No_No_S_F_F","Low_Arctic_Boreal","Boreal-tundra boundary"
"33","Rubus chamaemorus","No","No","R","F","F","F",1,"",NA,"No_No_R_F_F_F","Low_Arctic_Boreal","Boreal-tundra boundary"
"34","Poa pratensis","R","F","F","F","F","F",1,"",NA,"R_F_F_F_F_F","Cosmopolitan","Ubiquitous"
"35","Sibbaldia procumbens","No","No","R","F","F","F",1,"",NA,"No_No_R_F_F_F","Low_Arctic_Boreal","Boreal-tundra boundary"
"36","Vahlodea atropurpurea","No","No","No","No","S","F",1,"",NA,"No_No_No_No_S_F","Low_Arctic_Boreal","Boreal-tundra boundary"
"37","Phleum alpinum","No","No","No","R","F","F",1,"",NA,"No_No_No_R_F_F","Low_Arctic_Boreal","Boreal-tundra boundary"
"38","Ranunculus nivalis","F","F","F","F","F","S",1,"",NA,"F_F_F_F_F_S","Cosmopolitan","Ubiquitous"
"39","Rhodiola rosea","No","No","S","F","F","F",1,"",NA,"No_No_S_F_F_F","Cosmopolitan","Ubiquitous"
"40","Viola biflora","No","No","No","F","F","F",1,"",NA,"No_No_No_F_F_F","Low_Arctic_Boreal","Boreal-tundra boundary"
"41","Antennaria dioica","No","No","No","R","F","F",1,"",NA,"No_No_No_R_F_F","Low_Arctic_Boreal","Boreal-tundra boundary"
"42","Petasites frigidus","No","?","F","F","F","F",1,"",NA,"No_?_F_F_F_F","Cosmopolitan","Ubiquitous"
"43","Gentiana nivalis","No","No","No","F","F","F",1,"",NA,"No_No_No_F_F_F","Low_Arctic_Boreal","Boreal-tundra boundary"
"44","Ranunculus acris","No","No","**","R","F","F",1,"",NA,"No_No_**_R_F_F","Low_Arctic_Boreal","Boreal-tundra boundary"
"45","Veronica alpina","No","No","S","F","F","F",1,"",NA,"No_No_S_F_F_F","Cosmopolitan","Ubiquitous"
"46","Nardus stricta","No","No","No","R","F","F",1,"",NA,"No_No_No_R_F_F","Low_Arctic_Boreal","Boreal-tundra boundary"
"47","Anthoxanthum odoratum","No","No","No","No","*","S",1,"",NA,"No_No_No_No_*_S","Boreal","Boreal specialist"
"48","Antennaria alpina","No","No","R","F","F","F",1,"",NA,"No_No_R_F_F_F","Low_Arctic_Boreal","Boreal-tundra boundary"
"49","Salix glauca","No","No","R","S","F","F",1,"",NA,"No_No_R_S_F_F","Low_Arctic_Boreal","Boreal-tundra boundary"
"50","Pyrola minor","No","No","No","R","F","F",1,"",NA,"No_No_No_R_F_F","Low_Arctic_Boreal","Boreal-tundra boundary"
"51","Alchemilla alpina","No","No","?","F","F","F",1,"",NA,"No_No_?_F_F_F","Low_Arctic_Boreal","Boreal-tundra boundary"
"52","Campanula rotundifolia","No","No","R","F","F","F",1,"",NA,"No_No_R_F_F_F","Low_Arctic_Boreal","Boreal-tundra boundary"
"53","Euphrasia wettsteinii","No","R","S","F","F","F",1,"",NA,"No_R_S_F_F_F","Cosmopolitan","Ubiquitous"
"54","Potentilla crantzii","No","No","S","F","F","F",1,"",NA,"No_No_S_F_F_F","Cosmopolitan","Ubiquitous"
"55","Omalotheca supina","No","No","R","F","F","F",1,"",NA,"No_No_R_F_F_F","Low_Arctic_Boreal","Boreal-tundra boundary"
"56","Thalictrum alpinum","No","No","R","F","F","F",1,"",NA,"No_No_R_F_F_F","Low_Arctic_Boreal","Boreal-tundra boundary"
"57","Agrostis capillaris","No","No","No","No","S","F",1,"",NA,"No_No_No_No_S_F","Low_Arctic_Boreal","Boreal-tundra boundary"
"58","Viola palustris","No","No","No","R","F","F",1,"",NA,"No_No_No_R_F_F","Low_Arctic_Boreal","Boreal-tundra boundary"
"59","Deschampsia cespitosa","No","No","**","*","F","F",1,"",NA,"No_No_**_*_F_F","Low_Arctic_Boreal","Boreal-tundra boundary"
"60","Scorzoneroides autumnalis","No","No","No","?","F","F",1,"",NA,"No_No_No_?_F_F","Low_Arctic_Boreal","Boreal-tundra boundary"
"61","Cerastium cerastoides","No","No","R","F","F","F",1,"",NA,"No_No_R_F_F_F","Low_Arctic_Boreal","Boreal-tundra boundary"
"62","Epilobium anagallidifolium","No","No","R","F","F","F",1,"",NA,"No_No_R_F_F_F","Low_Arctic_Boreal","Boreal-tundra boundary"
"63","Carex vaginata","No","No","No","F","F","F",1,"",NA,"No_No_No_F_F_F","Low_Arctic_Boreal","Boreal-tundra boundary"
"64","Poa alpina","R","F","F","F","F","F",1,"",NA,"R_F_F_F_F_F","Cosmopolitan","Ubiquitous"
"65","Astragalus alpinus","No","No","R","F","F","F",1,"",NA,"No_No_R_F_F_F","Low_Arctic_Boreal","Boreal-tundra boundary"
"66","Cerastium fontanum","No","No","**","*","F","F",1,"",NA,"No_No_**_*_F_F","Low_Arctic_Boreal","Boreal-tundra boundary"
"67","Festuca rubra","No","S","F","F","F","F",1,"",NA,"No_S_F_F_F_F","Cosmopolitan","Ubiquitous"
"68","Sagina saginoides","No","No","?","S","F","F",1,"",NA,"No_No_?_S_F_F","Low_Arctic_Boreal","Boreal-tundra boundary"
"69","Carex mackenziei","No","No","No","No","S","F",1,"",NA,"No_No_No_No_S_F","Low_Arctic_Boreal","Boreal-tundra boundary"
"70","Saussurea alpina","No","No","R","R","F","F",1,"",NA,"No_No_R_R_F_F","Low_Arctic_Boreal","Boreal-tundra boundary"
"71","Cerastium alpinum","No","R","F","F","F","F",1,"",NA,"No_R_F_F_F_F","Cosmopolitan","Ubiquitous"
"72","Achillea millefolium","No","No","**","F","F","F",1,"",NA,"No_No_**_F_F_F","Low_Arctic_Boreal","Boreal-tundra boundary"
"73","Geranium sylvaticum","No","No","No","R","F","F",1,"",NA,"No_No_No_R_F_F","Low_Arctic_Boreal","Boreal-tundra boundary"
"74","Carex flava","No","No","No","No","R","F",1,"",NA,"No_No_No_No_R_F","Boreal","Boreal specialist"
"75","Rhinanthus minor","No","No","No","R","F","F",1,"",NA,"No_No_No_R_F_F","Low_Arctic_Boreal","Boreal-tundra boundary"
"76","Potentilla erecta","No","No","No","No","R","F",1,"",NA,"No_No_No_No_R_F","Boreal","Boreal specialist"
"77","Carex capillaris","No","No","R","F","F","F",1,"",NA,"No_No_R_F_F_F","Low_Arctic_Boreal","Boreal-tundra boundary"
"78","Pinguicula vulgaris","No","No","No","S","F","F",1,"",NA,"No_No_No_S_F_F","Low_Arctic_Boreal","Boreal-tundra boundary"
"79","Parnassia palustris","No","No","No","S","F","F",1,"",NA,"No_No_No_S_F_F","Low_Arctic_Boreal","Boreal-tundra boundary"
"80","Festuca vivipara","No","No","?","S","F","F",1,"",NA,"No_No_?_S_F_F","Low_Arctic_Boreal","Boreal-tundra boundary"
"81","Carex atrata","No","No","No","R","S","F",1,"",NA,"No_No_No_R_S_F","Low_Arctic_Boreal","Boreal-tundra boundary"
"82","Prunella vulgaris","No","No","No","No","b","F",1,"",NA,"No_No_No_No_b_F","Boreal","Boreal specialist"
"83","Carex saxatilis","No","No","S","F","F","F",1,"",NA,"No_No_S_F_F_F","Cosmopolitan","Ubiquitous"
"84","Salix lanata","No","No","R","F","F","F",1,"",NA,"No_No_R_F_F_F","Low_Arctic_Boreal","Boreal-tundra boundary"
"85","Dryas octopetala","No","R","F","F","F","F",1,"",NA,"No_R_F_F_F_F","Cosmopolitan","Ubiquitous"
"86","Eutrema edwardsii","S","F","F","F","F","S",1,"",NA,"S_F_F_F_F_S","Cosmopolitan","Ubiquitous"
"87","Salix polaris","R","F","F","F","S","R",1,"",NA,"R_F_F_F_S_R","High_Low_Arctic","Arctic specialist"
"88","Silene acaulis","S","F","F","F","F","F",1,"",NA,"S_F_F_F_F_F","Cosmopolitan","Ubiquitous"
"89","Saxifraga oppositifolia","F","F","F","F","F","F",1,"",NA,"F_F_F_F_F_F","Cosmopolitan","Ubiquitous"
"90","Minuartia stricta","No","No","R","S","F","F",1,"",NA,"No_No_R_S_F_F","Low_Arctic_Boreal","Boreal-tundra boundary"
"91","Cerastium arcticum","F","F","F","F","S","No",1,"1",NA,"F_F_F_F_S_No","High_Low_Arctic","Arctic specialist"
"92","Pedicularis dasyantha","No","R","F","F","F","R",1,"",NA,"No_R_F_F_F_R","High_Low_Arctic","Arctic specialist"
"93","Saxifraga cernua","F","F","F","F","F","F",1,"",NA,"F_F_F_F_F_F","Cosmopolitan","Ubiquitous"
"94","Juncus biglumis","F","F","F","F","F","S",1,"",NA,"F_F_F_F_F_S","Cosmopolitan","Ubiquitous"
"95","Erigeron humilis","No","R","F","F","F","F",1,"",NA,"No_R_F_F_F_F","Cosmopolitan","Ubiquitous"
"96","Trisetum spicatum","R","F","F","F","F","F",1,"",NA,"R_F_F_F_F_F","Cosmopolitan","Ubiquitous"
"97","Salix reticulata","No","No","S","F","F","F",1,"",NA,"No_No_S_F_F_F","Cosmopolitan","Ubiquitous"
"98","Carex rupestris","No","R","F","F","F","F",1,"",NA,"No_R_F_F_F_F","Cosmopolitan","Ubiquitous"
"99","Cardamine bellidifolia","F","F","F","F","F","F",1,"",NA,"F_F_F_F_F_F","Cosmopolitan","Ubiquitous"
"100","Sagina nivalis","R","F","F","F","S","R",1,"",NA,"R_F_F_F_S_R","High_Low_Arctic","Arctic specialist"
"101","Cerastium regelii","F","F","F","F","S","R",1,"",NA,"F_F_F_F_S_R","High_Low_Arctic","Arctic specialist"
"102","Rhododendron lapponicum","No","No","S","F","F","F",1,"",NA,"No_No_S_F_F_F","Cosmopolitan","Ubiquitous"
"103","Salix hastata","No","No","No","S","F","F",1,"",NA,"No_No_No_S_F_F","Low_Arctic_Boreal","Boreal-tundra boundary"
"104","Salix chamissonis","No","No","No","R","S","S",1,"",NA,"No_No_No_R_S_S","Low_Arctic_Boreal","Boreal-tundra boundary"
"105","Tofieldia pusilla","No","No","R","F","F","F",1,"",NA,"No_No_R_F_F_F","Low_Arctic_Boreal","Boreal-tundra boundary"
"106","Chamorchis alpina","No","No","No","No","R","S",1,"",NA,"No_No_No_No_R_S","Boreal","Boreal specialist"
"107","Astragalus frigidus","No","No","No","S","F","F",1,"",NA,"No_No_No_S_F_F","Low_Arctic_Boreal","Boreal-tundra boundary"
"108","Bartsia alpina","No","No","?","F","F","F",1,"",NA,"No_No_?_F_F_F","Low_Arctic_Boreal","Boreal-tundra boundary"
"109","Carex parallela","No","No","S","F","F","S",1,"",NA,"No_No_S_F_F_S","Cosmopolitan","Ubiquitous"
"110","Eriophorum vaginatum","No","No","No","S","F","F",1,"",NA,"No_No_No_S_F_F","Low_Arctic_Boreal","Boreal-tundra boundary"
"111","Pinguicula villosa","No","No","No","No","S","F",1,"",NA,"No_No_No_No_S_F","Low_Arctic_Boreal","Boreal-tundra boundary"
"112","Salix niphoclada","No","No","No","R","S","F",1,"",NA,"No_No_No_R_S_F","Low_Arctic_Boreal","Boreal-tundra boundary"
"113","Artemisia norvegica","No","No","No","No","R","S",1,"",NA,"No_No_No_No_R_S","Boreal","Boreal specialist"
"114","Saussurea angustifolia","No","No","R","F","F","F",1,"",NA,"No_No_R_F_F_F","Low_Arctic_Boreal","Boreal-tundra boundary"
"115","Saxifraga hirculus","S","F","F","F","F","F",1,"",NA,"S_F_F_F_F_F","Cosmopolitan","Ubiquitous"
"116","Stellaria longipes","F","F","F","F","F","F",1,"",NA,"F_F_F_F_F_F","Cosmopolitan","Ubiquitous"
"117","Lupinus arcticus","No","No","R","F","F","F",1,"",NA,"No_No_R_F_F_F","Low_Arctic_Boreal","Boreal-tundra boundary"
"118","Arctagrostis latifolia","R","F","F","F","F","F",1,"",NA,"R_F_F_F_F_F","Cosmopolitan","Ubiquitous"
"119","Tephroseris integrifolia","No","No","R","F","F","F",1,"",NA,"No_No_R_F_F_F","Low_Arctic_Boreal","Boreal-tundra boundary"
"120","Cardamine digitata","No","No","R","F","F","S",1,"",NA,"No_No_R_F_F_S","Low_Arctic_Boreal","Boreal-tundra boundary"
"121","Pyrola grandiflora","No","No","S","F","F","F",1,"",NA,"No_No_S_F_F_F","Cosmopolitan","Ubiquitous"
"122","Micranthes punctata","No","No","No","R","F","F",1,"",NA,"No_No_No_R_F_F","Low_Arctic_Boreal","Boreal-tundra boundary"
"123","Salix planifolia","No","No","No","R","S","F",1,"",NA,"No_No_No_R_S_F","Low_Arctic_Boreal","Boreal-tundra boundary"
"124","Salix rotundifolia","No","No","R","F","F","S",1,"",NA,"No_No_R_F_F_S","Low_Arctic_Boreal","Boreal-tundra boundary"
"125","Eriophorum angustifolium","No","R","F","F","F","F",1,"",NA,"No_R_F_F_F_F","Cosmopolitan","Ubiquitous"
"126","Anemone parviflora","No","No","R","F","F","F",1,"",NA,"No_No_R_F_F_F","Low_Arctic_Boreal","Boreal-tundra boundary"
"127","Oxytropis borealis","No","No","No","R","F","S",1,"",NA,"No_No_No_R_F_S","Low_Arctic_Boreal","Boreal-tundra boundary"
"128","Astragalus eucosmus","No","No","No","?","F","F",1,"",NA,"No_No_No_?_F_F","Low_Arctic_Boreal","Boreal-tundra boundary"
"129","Salix alaxensis","No","No","No","R","F","F",1,"",NA,"No_No_No_R_F_F","Low_Arctic_Boreal","Boreal-tundra boundary"
"130","Hedysarum boreale","No","No","R","F","F","F",1,"",NA,"No_No_R_F_F_F","Low_Arctic_Boreal","Boreal-tundra boundary"
"131","Oxytropis maydelliana","No","No","F","F","F","F",1,"",NA,"No_No_F_F_F_F","Cosmopolitan","Ubiquitous"
"132","Pedicularis capitata","No","R","F","F","F","F",1,"",NA,"No_R_F_F_F_F","Cosmopolitan","Ubiquitous"
"133","Astragalus umbellatus","No","No","R","F","F","F",1,"",NA,"No_No_R_F_F_F","Low_Arctic_Boreal","Boreal-tundra boundary"
"134","Festuca altaica","No","No","No","R","F","F",1,"",NA,"No_No_No_R_F_F","Low_Arctic_Boreal","Boreal-tundra boundary"
"135","Arctous rubra","No","No","No","S","F","F",1,"",NA,"No_No_No_S_F_F","Low_Arctic_Boreal","Boreal-tundra boundary"
"136","Oxytropis deflexa","No","No","?","R","F","F",1,"",NA,"No_No_?_R_F_F","Low_Arctic_Boreal","Boreal-tundra boundary"
"137","Hedysarum hedysaroides","No","R","F","F","F","F",1,"",NA,"No_R_F_F_F_F","Cosmopolitan","Ubiquitous"
"138","Salix phlebophylla","No","No","R","F","F","S",1,"",NA,"No_No_R_F_F_S","Low_Arctic_Boreal","Boreal-tundra boundary"
"139","Oxytropis nigrescens","No","R","F","F","F","F",1,"",NA,"No_R_F_F_F_F","Cosmopolitan","Ubiquitous"
"140","Pedicularis labradorica","No","No","No","R","F","F",1,"",NA,"No_No_No_R_F_F","Low_Arctic_Boreal","Boreal-tundra boundary"
"141","Salix ovalifolia","No","No","R","F","F","S",1,"",NA,"No_No_R_F_F_S","Low_Arctic_Boreal","Boreal-tundra boundary"
"142","Hierochloe alpina","No","S","F","F","F","F",1,"",NA,"No_S_F_F_F_F","Cosmopolitan","Ubiquitous"
"143","Pedicularis lanata","?","S","F","F","F","F",1,"",NA,"?_S_F_F_F_F","Cosmopolitan","Ubiquitous"
"144","Orthilia secunda","No","No","R","S","F","F",1,"",NA,"No_No_R_S_F_F","Low_Arctic_Boreal","Boreal-tundra boundary"
"145","Rhododendron tomentosum","No","No","R","F","F","F",1,"",NA,"No_No_R_F_F_F","Low_Arctic_Boreal","Boreal-tundra boundary"
"146","Pedicularis verticillata","No","No","?","F","F","F",1,"",NA,"No_No_?_F_F_F","Low_Arctic_Boreal","Boreal-tundra boundary"
"147","Senecio lugens","No","No","R","F","F","F",1,"",NA,"No_No_R_F_F_F","Low_Arctic_Boreal","Boreal-tundra boundary"
"148","Carex ericetorum","No","No","No","No","b","S",1,"",1,"No_No_No_No_b_S","Boreal","Boreal specialist"
"149","Minuartia arctica","No","R","F","F","F","S",1,"",NA,"No_R_F_F_F_S","Cosmopolitan","Ubiquitous"
"150","Papaver macounii","No","No","No","No","R","R",1,"",NA,"No_No_No_No_R_R","Low_Arctic_Boreal","Boreal-tundra boundary"
"151","Salix fuscescens","No","No","No","R","F","F",1,"",NA,"No_No_No_R_F_F","Low_Arctic_Boreal","Boreal-tundra boundary"
"152","Carex rariflora","No","No","No","S","F","F",1,"",NA,"No_No_No_S_F_F","Low_Arctic_Boreal","Boreal-tundra boundary"
"153","Carex chordorrhiza","No","No","No","R","F","F",1,"",NA,"No_No_No_R_F_F","Low_Arctic_Boreal","Boreal-tundra boundary"
"154","Carex fuliginosa","R","S","F","F","F","S",1,"",NA,"R_S_F_F_F_S","Cosmopolitan","Ubiquitous"
"155","Luzula wahlenbergii","No","No","S","F","F","S",1,"",NA,"No_No_S_F_F_S","Cosmopolitan","Ubiquitous"
"156","Carex rotundata","No","No","No","R","F","F",1,"",NA,"No_No_No_R_F_F","Low_Arctic_Boreal","Boreal-tundra boundary"
"157","Kobresia myosuroides","No","R","F","F","F","F",1,"",NA,"No_R_F_F_F_F","Cosmopolitan","Ubiquitous"
"158","Carex williamsii","No","No","No","R","S","S",1,"",NA,"No_No_No_R_S_S","Low_Arctic_Boreal","Boreal-tundra boundary"
"159","Valeriana capitata","No","No","R","F","F","F",1,"",NA,"No_No_R_F_F_F","Low_Arctic_Boreal","Boreal-tundra boundary"
"160","Arnica griscomii","No","No","?","S","F","F",1,"",NA,"No_No_?_S_F_F","Low_Arctic_Boreal","Boreal-tundra boundary"
"161","Salix arbusculoides","No","No","No","R","S","F",1,"",NA,"No_No_No_R_S_F","Low_Arctic_Boreal","Boreal-tundra boundary"
"162","Dupontia fisheri","R","F","F","F","F","S",1,"",NA,"R_F_F_F_F_S","Cosmopolitan","Ubiquitous"
"163","Carex scirpoidea","No","No","R","S","F","F",1,"",NA,"No_No_R_S_F_F","Low_Arctic_Boreal","Boreal-tundra boundary"
"164","Kobresia sibirica","No","No","R","S","F","R",1,"",NA,"No_No_R_S_F_R","Low_Arctic","Arctic specialist"
"165","Rumex aquaticus","No","No","R","S","S","F",1,"",NA,"No_No_R_S_S_F","Low_Arctic_Boreal","Boreal-tundra boundary"
"166","Luzula arcuata","No","No","R","F","F","F",1,"",NA,"No_No_R_F_F_F","Low_Arctic_Boreal","Boreal-tundra boundary"
"167","Minuartia biflora","No","R","F","F","F","F",1,"",NA,"No_R_F_F_F_F","Cosmopolitan","Ubiquitous"
"168","Minuartia rubella","F","F","F","F","F","S",1,"",NA,"F_F_F_F_F_S","Cosmopolitan","Ubiquitous"
"169","Pedicularis flammea","No","R","F","F","F","R",1,"",NA,"No_R_F_F_F_R","High_Low_Arctic","Arctic specialist"
"170","Eriophorum scheuchzeri","R","F","F","F","F","F",1,"",NA,"R_F_F_F_F_F","Cosmopolitan","Ubiquitous"
"171","Euphrasia frigida","No","No","No","X","X","No",1,"1",NA,"No_No_No_X_X_No","Low_Arctic","Arctic specialist"
"172","Koenigia islandica","No","R","F","F","F","F",1,"",NA,"No_R_F_F_F_F","Cosmopolitan","Ubiquitous"
"173","Armeria maritima","No","No","No","?","S","F",1,"",NA,"No_No_No_?_S_F","Low_Arctic_Boreal","Boreal-tundra boundary"
"174","Thymus praecox","No","No","No","R","F","F",1,"",NA,"No_No_No_R_F_F","Low_Arctic_Boreal","Boreal-tundra boundary"
"175","Salix phylicifolia","No","No","No","S","F","F",1,"",NA,"No_No_No_S_F_F","Low_Arctic_Boreal","Boreal-tundra boundary"
"176","Micranthes nivalis","S","F","F","F","F","F",1,"",NA,"S_F_F_F_F_F","Cosmopolitan","Ubiquitous"
"177","Linnaea borealis","No","No","?","S","F","F",1,"",NA,"No_No_?_S_F_F","Low_Arctic_Boreal","Boreal-tundra boundary"
"178","Luzula parviflora","No","No","No","S","F","F",1,"",NA,"No_No_No_S_F_F","Low_Arctic_Boreal","Boreal-tundra boundary"
"179","Poa arctica","S","F","F","F","F","F",1,"",NA,"S_F_F_F_F_F","Cosmopolitan","Ubiquitous"
"180","Poa glauca","No","S","F","F","F","F",1,"",NA,"No_S_F_F_F_F","Cosmopolitan","Ubiquitous"
"181","Pedicularis hirsuta","R","F","F","F","F","S",1,"",NA,"R_F_F_F_F_S","Cosmopolitan","Ubiquitous"
"182","Carex microglochin","No","No","No","R","S","F",1,"",NA,"No_No_No_R_S_F","Low_Arctic_Boreal","Boreal-tundra boundary"
"183","Saxifraga tricuspidata","R","F","F","F","F","F",1,"",NA,"R_F_F_F_F_F","Cosmopolitan","Ubiquitous"
"184","Diapensia lapponica","No","R","S","F","F","F",1,"",NA,"No_R_S_F_F_F","Cosmopolitan","Ubiquitous"
"185","Saxifraga aizoides","No","S","F","F","F","F",1,"",NA,"No_S_F_F_F_F","Cosmopolitan","Ubiquitous"
"186","Taraxacum croceum","No","No","R","F","F","F",1,"",NA,"No_No_R_F_F_F","Low_Arctic_Boreal","Boreal-tundra boundary"
"187","Cardamine pratensis","F","F","F","F","F","S",1,"",NA,"F_F_F_F_F_S","Cosmopolitan","Ubiquitous"
"188","Trollius europaeus","No","No","No","R","F","F",1,"",NA,"No_No_No_R_F_F","Low_Arctic_Boreal","Boreal-tundra boundary"
"189","Gymnadenia conopsea","No","No","No","No","S","F",1,"",NA,"No_No_No_No_S_F","Low_Arctic_Boreal","Boreal-tundra boundary"
"190","Pseudorchis albida","No","No","No","No","R","S",1,"",NA,"No_No_No_No_R_S","Boreal","Boreal specialist"
"191","Potentilla uniflora","No","No","R","F","F","F",1,"",NA,"No_No_R_F_F_F","Low_Arctic_Boreal","Boreal-tundra boundary"
"192","Carex supina","No","No","R","S","S","S",1,"",NA,"No_No_R_S_S_S","Low_Arctic_Boreal","Boreal-tundra boundary"
"193","Carex nardina","No","R","F","F","F","S",1,"",NA,"No_R_F_F_F_S","Cosmopolitan","Ubiquitous"
"194","Lesquerella arctica","R","F","F","F","F","S",1,"",NA,"R_F_F_F_F_S","Cosmopolitan","Ubiquitous"
"195","Arenaria pseudofrigida","?","S","F","F","F","S",1,"",NA,"?_S_F_F_F_S","Cosmopolitan","Ubiquitous"
"196","Antennaria friesiana","?","R","F","F","F","F",1,"",NA,"?_R_F_F_F_F","Cosmopolitan","Ubiquitous"
"197","Calamagrostis inexpansa","No","No","No","R","R","F",1,"",NA,"No_No_No_R_R_F","Boreal","Boreal specialist"
"198","Polemonium acutiflorum","No","No","R","F","F","F",1,"",NA,"No_No_R_F_F_F","Low_Arctic_Boreal","Boreal-tundra boundary"
"199","Arnica lessingii","No","No","No","R","F","F",1,"",NA,"No_No_No_R_F_F","Low_Arctic_Boreal","Boreal-tundra boundary"
"200","Carex microchaeta","No","No","No","No","S","F",1,"",NA,"No_No_No_No_S_F","Low_Arctic_Boreal","Boreal-tundra boundary"
"201","Hippuris vulgaris","No","R","F","F","F","F",1,"",NA,"No_R_F_F_F_F","Cosmopolitan","Ubiquitous"
"202","Lagotis glauca","?","S","F","F","F","S",1,"",NA,"?_S_F_F_F_S","Cosmopolitan","Ubiquitous"
"203","Betula glandulosa","No","No","?","S","F","F",1,"",NA,"No_No_?_S_F_F","Low_Arctic_Boreal","Boreal-tundra boundary"
"204","Androsace chamaejasme","No","No","R","F","F","F",1,"",NA,"No_No_R_F_F_F","Low_Arctic_Boreal","Boreal-tundra boundary"
"205","Geum glaciale","R","S","F","F","F","S",1,"",NA,"R_S_F_F_F_S","Cosmopolitan","Ubiquitous"
"206","Micranthes foliolosa","S","F","F","F","F","S",1,"",NA,"S_F_F_F_F_S","Cosmopolitan","Ubiquitous"
"207","Boykinia richardsonii","No","No","No","R","F","F",1,"",NA,"No_No_No_R_F_F","Low_Arctic_Boreal","Boreal-tundra boundary"
"208","Gentianella propinqua","No","No","No","R","F","F",1,"",NA,"No_No_No_R_F_F","Low_Arctic_Boreal","Boreal-tundra boundary"
"209","Calamagrostis canadensis","No","No","?","S","F","F",1,"",NA,"No_No_?_S_F_F","Low_Arctic_Boreal","Boreal-tundra boundary"
"210","Saxifraga cespitosa","F","F","F","F","F","F",1,"",NA,"F_F_F_F_F_F","Cosmopolitan","Ubiquitous"
"211","Ranunculus pygmaeus","F","F","F","F","F","S",1,"",NA,"F_F_F_F_F_S","Cosmopolitan","Ubiquitous"
"212","Draba nivalis","S","F","F","F","F","F",1,"",NA,"S_F_F_F_F_F","Cosmopolitan","Ubiquitous"
"213","Salix uva-ursi","No","No","No","No","S","F",1,"",NA,"No_No_No_No_S_F","Low_Arctic_Boreal","Boreal-tundra boundary"
"214","Salix arctophila","No","R","R","F","F","S",1,"",NA,"No_R_R_F_F_S","Low_Arctic_Boreal","Boreal-tundra boundary"
"215","Euphrasia arctica","No","No","No","No","R","S",1,"",NA,"No_No_No_No_R_S","Boreal","Boreal specialist"
"216","Veronica wormskjoldii","No","No","No","R","F","F",1,"",NA,"No_No_No_R_F_F","Low_Arctic_Boreal","Boreal-tundra boundary"
"217","Carex marina","No","No","S","F","F","R",1,"",NA,"No_No_S_F_F_R","High_Low_Arctic","Arctic specialist"
"218","Festuca brachyphylla","R","F","F","F","F","F",1,"",NA,"R_F_F_F_F_F","Cosmopolitan","Ubiquitous"
"219","Silene involucrata","R","F","F","F","F","F",1,"",NA,"R_F_F_F_F_F","Cosmopolitan","Ubiquitous"
"220","Kobresia simpliciuscula","No","No","S","F","F","F",1,"",NA,"No_No_S_F_F_F","Cosmopolitan","Ubiquitous"
"221","Avenella flexuosa","No","No","No","R","F","F",1,"",NA,"No_No_No_R_F_F","Low_Arctic_Boreal","Boreal-tundra boundary"
"222","Draba norvegica","No","R","S","F","F","F",1,"",NA,"No_R_S_F_F_F","Cosmopolitan","Ubiquitous"
"223","Galium verum","No","No","No","?","S","F",1,"",NA,"No_No_No_?_S_F","Low_Arctic_Boreal","Boreal-tundra boundary"
"224","Galium normanii","No","No","No","No","R","S",1,"",NA,"No_No_No_No_R_S","Boreal","Boreal specialist"
"225","Galium boreale","No","No","No","S","F","F",1,"",NA,"No_No_No_S_F_F","Low_Arctic_Boreal","Boreal-tundra boundary"
"226","Agrostis vinealis","No","No","R","S","F","F",1,"",NA,"No_No_R_S_F_F","Low_Arctic_Boreal","Boreal-tundra boundary"
"227","Festuca baffinensis","No","S","F","F","F","S",1,"",NA,"No_S_F_F_F_S","Cosmopolitan","Ubiquitous"
"228","Micranthes nelsoniana","No","R","F","F","F","F",1,"",NA,"No_R_F_F_F_F","Cosmopolitan","Ubiquitous"
"229","Pedicularis langsdorffii","?","S","F","F","F","S",1,"",NA,"?_S_F_F_F_S","Cosmopolitan","Ubiquitous"
"230","Parrya nudicaulis","R","F","F","F","F","F",1,"",NA,"R_F_F_F_F_F","Cosmopolitan","Ubiquitous"
"231","Minuartia obtusiloba","No","No","No","R","F","F",1,"",NA,"No_No_No_R_F_F","Low_Arctic_Boreal","Boreal-tundra boundary"
"232","Potentilla hyparctica","S","F","F","F","F","F",1,"1",NA,"S_F_F_F_F_F","Cosmopolitan","Ubiquitous"
"233","Draba lactea","F","F","F","F","F","S",1,"",NA,"F_F_F_F_F_S","Cosmopolitan","Ubiquitous"
"234","Draba micropetala","F","F","F","F","R","No",1,"1",NA,"F_F_F_F_R_No","High_Low_Arctic","Arctic specialist"
"235","Papaver lapponicum","No","S","F","F","F","S",1,"",NA,"No_S_F_F_F_S","Cosmopolitan","Ubiquitous"
"236","Hierochloe pauciflora","No","R","F","F","F","F",1,"",NA,"No_R_F_F_F_F","Cosmopolitan","Ubiquitous"
"237","Cochlearia officinalis","No","No","No","No","S","F",1,"",NA,"No_No_No_No_S_F","Low_Arctic_Boreal","Boreal-tundra boundary"
"238","Micranthes hieraciifolia","No","R","F","F","F","F",1,"",NA,"No_R_F_F_F_F","Cosmopolitan","Ubiquitous"
"239","Cerastium beeringianum","F","F","F","F","F","F",1,"",NA,"F_F_F_F_F_F","Cosmopolitan","Ubiquitous"
"240","Stellaria humifusa","No","R","F","F","F","F",1,"",NA,"No_R_F_F_F_F","Cosmopolitan","Ubiquitous"
"241","Chrysosplenium tetrandrum","No","S","F","F","F","S",1,"",NA,"No_S_F_F_F_S","Cosmopolitan","Ubiquitous"
"242","Carex subspathacea","No","No","S","F","F","F",1,"",NA,"No_No_S_F_F_F","Cosmopolitan","Ubiquitous"
"243","Silene uralensis","S","F","F","S","F","F",1,"",NA,"S_F_F_S_F_F","Cosmopolitan","Ubiquitous"
"244","Arctophila fulva","No","S","F","F","F","F",1,"",NA,"No_S_F_F_F_F","Cosmopolitan","Ubiquitous"
"245","Calamagrostis holmii","No","No","R","F","F","F",1,"",NA,"No_No_R_F_F_F","Low_Arctic_Boreal","Boreal-tundra boundary"
"246","Deschampsia flexuosa","No","No","No","R","F","F",1,"",NA,"No_No_No_R_F_F","Low_Arctic_Boreal","Boreal-tundra boundary"
"247","Lysimachia europaea","No","No","No","R","F","F",1,"",NA,"No_No_No_R_F_F","Low_Arctic_Boreal","Boreal-tundra boundary"
"248","Oreojuncus trifidus","No","No","R","F","F","F",1,"",NA,"No_No_R_F_F_F","Low_Arctic_Boreal","Boreal-tundra boundary"
"249","Lycopodium complanatum","No","No","?","R","R","F",1,"",NA,"No_No_?_R_R_F","Boreal","Boreal specialist"
"250","Persicaria vivipara","F","F","F","F","F","F",1,"",NA,"F_F_F_F_F_F","Cosmopolitan","Ubiquitous"
"251","Gnaphalium supinum","No","No","R","F","F","F",1,"",NA,"No_No_R_F_F_F","Low_Arctic_Boreal","Boreal-tundra boundary"
"252","Antennaria pulchella","No","R","S","S","S","R",1,"",NA,"No_R_S_S_S_R","High_Low_Arctic","Arctic specialist"
"253","Pilosella officinarum",NA,NA,NA,NA,NA,NA,NA,NA,NA,"NA_NA_NA_NA_NA_NA","Boreal","Boreal specialist"
"254","Dactylorhiza viridis","No","No","No","R","F","F",1,"",NA,"No_No_No_R_F_F","Low_Arctic_Boreal","Boreal-tundra boundary"
"255","Aconitum septentrionale","No","No","No","No","S","F",1,"",NA,"No_No_No_No_S_F","Low_Arctic_Boreal","Boreal-tundra boundary"
"256","Pyrola rotundifolia",NA,NA,NA,NA,NA,NA,NA,NA,NA,"NA_NA_NA_NA_NA_NA","Low_Arctic_Boreal","Boreal-tundra boundary"
"257","Carex fimbriata","No","No","No","No","R","S",1,"",NA,"No_No_No_No_R_S","Boreal","Boreal specialist"
"258","Silene apetala",NA,NA,NA,NA,NA,NA,NA,NA,NA,"NA_NA_NA_NA_NA_NA","Cosmopolitan","Ubiquitous"
"259","Braya purpurascens","R","F","F","F","F","S",1,"",NA,"R_F_F_F_F_S","Cosmopolitan","Ubiquitous"
"260","Festuca richardsonii","No","S","F","F","F","F",1,"",NA,"No_S_F_F_F_F","Cosmopolitan","Ubiquitous"
"261","Vaccinium microcarpum","No","No","No","R","S","F",1,"",NA,"No_No_No_R_S_F","Low_Arctic_Boreal","Boreal-tundra boundary"
"262","Persicaria bistorta",NA,NA,NA,NA,NA,NA,NA,NA,NA,"NA_NA_NA_NA_NA_NA","Low_Arctic_Boreal","Boreal-tundra boundary"
"263","Hedysarum alpinum",NA,NA,NA,NA,NA,NA,NA,NA,NA,"NA_NA_NA_NA_NA_NA","Low_Arctic_Boreal","Boreal-tundra boundary"
"264","Oxytropis campestris",NA,NA,NA,NA,NA,NA,NA,NA,NA,"NA_NA_NA_NA_NA_NA","Low_Arctic_Boreal","Boreal-tundra boundary"
"265","Carex Ã— turfosa","No","No","No","No","F","F",1,"",NA,"No_No_No_No_F_F","Low_Arctic_Boreal","Boreal-tundra boundary"
"266","Carex microcarpa","No","R","F","F","F","F",1,"",NA,"No_R_F_F_F_F","Cosmopolitan","Ubiquitous"
"267","Pedicularis sudetica",NA,NA,NA,NA,NA,NA,NA,NA,NA,"NA_NA_NA_NA_NA_NA","Cosmopolitan","Ubiquitous"
"268","Eriophorum chamissonis","No","No","No","S","F","F",1,"",NA,"No_No_No_S_F_F","Low_Arctic_Boreal","Boreal-tundra boundary"
"269","Doronicum grandiflorum",NA,NA,NA,NA,NA,NA,NA,NA,NA,"NA_NA_NA_NA_NA_NA","Boreal","Boreal specialist"
"270","Calamagrostis stricta","No","?","S","F","F","F",1,"",NA,"No_?_S_F_F_F","Cosmopolitan","Ubiquitous"
"271","Arabidopsis lyrata","No","R","F","F","F","F",1,"",NA,"No_R_F_F_F_F","Cosmopolitan","Ubiquitous"
"272","Rumex alpestris","No","No","R","F","F","F",1,"",NA,"No_No_R_F_F_F","Low_Arctic_Boreal","Boreal-tundra boundary"
"273","Alopecurus magellanicus","S","F","F","F","F","F",1,"",NA,"S_F_F_F_F_F","Cosmopolitan","Ubiquitous"
"274","Stellaria crassipes","F","F","F","F","F","F",1,"",NA,"F_F_F_F_F_F","Cosmopolitan","Ubiquitous"
"275","Salix lanata x reticulata",NA,NA,NA,NA,NA,NA,NA,NA,NA,"NA_NA_NA_NA_NA_NA","Low_Arctic_Boreal","Boreal-tundra boundary"
"276","Cerastium glabratum","No","R","F","F","F","F",1,"",NA,"No_R_F_F_F_F","Cosmopolitan","Ubiquitous"
"277","Salix daphnoides","No","No","No","R","F","F",1,"",NA,"No_No_No_R_F_F","Low_Arctic_Boreal","Boreal-tundra boundary"
"278","Alopecurus alpinus","S","F","F","F","F","F",1,"",NA,"S_F_F_F_F_F","Cosmopolitan","Ubiquitous"
"279","Oreomecon radicata","No","No","No","No","R","S",1,"",NA,"No_No_No_No_R_S","Boreal","Boreal specialist"
"280","Epilobium latifolium","R","F","F","F","F","F",1,"",NA,"R_F_F_F_F_F","Cosmopolitan","Ubiquitous"
"281","Ranunculus lapponicus","No","R","F","F","F","F",1,"",NA,"No_R_F_F_F_F","Cosmopolitan","Ubiquitous"
"282","Androsace ochotensis","No","No","R","F","F","R",1,"",NA,"No_No_R_F_F_R","Low_Arctic","Arctic specialist"
"283","Potentilla fruticosa","No","No","No","S","F","F",1,"",NA,"No_No_No_S_F_F","Low_Arctic_Boreal","Boreal-tundra boundary"
"284","Saxifraga flagellaris","S","F","F","S","R","R",1,"",NA,"S_F_F_S_R_R","High_Low_Arctic","Arctic specialist"
"285","Cardamine digitalis","No","No","R","F","F","S",1,"",NA,"No_No_R_F_F_S","Low_Arctic_Boreal","Boreal-tundra boundary"
"286","Lagotis minor","?","S","F","F","F","S",1,"",NA,"?_S_F_F_F_S","Cosmopolitan","Ubiquitous"
"287","Ranunculus pallasii","No","No","R","F","F","S",1,"",NA,"No_No_R_F_F_S","Low_Arctic_Boreal","Boreal-tundra boundary"
